reply_id,reply_status_id,reply_member_id,reply_date,reply_content,reply_approved,reply_ip_address
1,2,35,1324554161,<p>Try living in Indiana.</p>,1,
2,2,132,1328301526,<p>Try living in Finland. -25 celsius and strong wind. Augh yeah.</p>,1,
3,23,143,1330034455,"<p>Omg, blocked.</p>",1,
5,27,164,1332465964,<p>Yeah it's so annoying dealing with poorly designed web 1.0 stuff. I just got done browsing through AlternateHistory.com for sources and stuff and so many of the links were malformed or took forever to load because of the '03-04 era tech.</p>,1,
710,3024,9446,1486996408,"<p>
	I come from a Hindu family but I myself don't particularly keep up with any of the religious traditions/worship. 
</p>",1,100.33.36.131
7,29,132,1333328200,<p>*hmm...slavsicles...*</p>,1,
8,29,130,1333757777,<p>lolgenocide</p>,1,
9,29,130,1333758050,<p>I didn't even know you could comment on these.</p>,1,
10,26,84,1335455835,"<p>I thank God for that too! <img src=""<fileStore.core_Emoticons>/emoticons/GeneralIMemoticons_wink.png"" alt="";)"" srcset=""<fileStore.core_Emoticons>/emoticons/wink@2x.png 2x"" width=""20"" height=""20"" /></p>",1,
11,49,246,1338862771,"<p>I prefer the ""counter-revolution"", but perhaps that's splitting hairs?</p>",1,
12,62,246,1339245672,"<p>Who do you think is more to blame? SoG, NSP, or FascCap?</p>",1,
13,62,130,1339368039,"
<p>NSP is at least ideologically serious.</p>
<p>
FC is a running joke, so I'd expect him to do that.</p>
<p>
I'd blame SoG and his autism for that shitnado.</p>
",1,
14,68,279,1340505368,<p>An extra coffee never hurts.</p>,1,
15,71,279,1340505390,"<p>I bid you welcome, brother.</p>",1,
16,76,164,1340702664,"<p>Yeah, it's getting to be pretty gross.</p>",1,
17,49,279,1340758425,<p>Traditional(ist) Socialism/Distributism?</p>,1,
18,49,7,1341134978,<p>Liberals academics like Anthony King/ Fareed Zakaria/ Robert A. Dahl/ Douglas Holmes/etc  use the term 'counter-enlightenment'</p>,1,
19,76,279,1341199242,<p>We could easily get rid of new ones by making a mandatory questionnaire when a person registers and manual approval by the staff for account activation.</p>,1,
20,76,164,1341482257,<p>In theory that could work but it seems like that sort of hassle would drive away a lot of members too. Then again I don't want this place turning into SF-lite which it seems to be well on track to becoming.</p>,1,
21,76,279,1341484429,"<p>Well, we must stop the hordes of invaders one way or another.</p>",1,
22,76,130,1341724679,"<p>Well they're retards for the most part, they tend to leave when they see this forum operates at an 11th grade level at the minimum.</p>",1,
23,91,130,1341725031,<p>The woman-hating is reaching epidemic levels</p>,1,
24,76,279,1341731822,<p>True enough.</p>,1,
25,91,54,1341737769,"<p>An unemployed man in his twenties wondering why he can’t meet a kind intelligent girl as he wipes grease onto his pants and types a blog post about how American women are fat ugly feminist whores, with Redtube open in the adjacent tab</p>",1,
26,99,130,1342117954,"<p>No,  I'm not serious.</p>",1,
27,99,130,1342117972,"<p>About the nominate thing, not the JIDF thing.</p>",1,
28,99,130,1342117988,<p>Cuz I'm definitely JIDF. That's what I've been told.</p>,1,
29,99,279,1342132778,<p>JIDF detector active.</p>,1,
30,95,130,1342149478,<p>No. Muh Empire.</p>,1,
31,95,279,1342202361,"<p>Ist Über Alles, Ja?</p>",1,
32,95,67,1342202444,<p>Muh Canadian mixed-blood nigger empire.</p>,1,
34,95,279,1342203379,"<p>Nein, nein, nein. Muh Über Reich.</p>",1,
35,95,67,1342203632,<p>LOLOLOLOL you mean Turkish Reich.</p>,1,
36,95,279,1342203689,<p>Since when am I a Turk?</p>,1,
37,95,67,1342203749,"<p>Germany = Turkish Reich. You're from the States, ja?</p>",1,
40,95,67,1342204056,<p>European Caliphate.</p>,1,
41,95,279,1342204109,<p>The day will come when the masses will revolt against the invaders.</p>,1,
39,95,279,1342203861,<p>Europa and very glad of it. I would not be able to bear the level of degeneracy you come across in the U.S.A. </p>,1,
42,95,67,1342204285,<p>I'm waiting eagerly for that moment.</p>,1,
43,95,279,1342204336,<p>I will be sure to drink a fine German wine while the onslaught progresses.</p>,1,
44,95,67,1342204452,"<p>Meh, Muslim blood by the bottle.</p>",1,
45,100,130,1342321747,<p>Lynyrd Skynyrd</p>,1,
46,95,130,1342321853,<p>Muh Eurocaliphate.</p>,1,
48,99,130,1342748539,<p>FasCap totally got his idea from me. Totally.</p>,1,
49,99,279,1342748594,<p>I truly wonder how old he is.</p>,1,
50,106,130,1343540314,<p>Amen</p>,1,
51,106,67,1343541607,"<p>I have never been this disappointed by my closest friend. God, after that they call me a pessimist.</p>",1,
52,2,67,1343580980,"<p>Implying that Canada is not the most cold. I mean, we are a frozen wasteland, with polar bears and igloos.</p>",1,
53,108,67,1343749606,"<p>United in struggle. Two people, one future. Just sayin'.</p>",1,
54,115,67,1343970810,"<p>That's quite an attitude you have, miss. You are a man for sure.</p>",1,
55,112,279,1343978139,<p>Ich liebe der Totale Krieg.</p>,1,
56,116,279,1344033806,"<p>Well, it could have been worse. Try to be less hostile or at least save your hatred and disgust for later and strike them mercilessly, yet justly when the time comes. <img src=""<fileStore.core_Emoticons>/emoticons/GeneralIMemoticons_wink.png"" alt="";)"" srcset=""<fileStore.core_Emoticons>/emoticons/wink@2x.png 2x"" width=""20"" height=""20"" /></p>",1,
57,116,335,1344034062,"<p>I hadn't actually realized I was breaking rules; I thought the person was here for the sake of trolling and nothing else, so, confronted.</p>",1,
58,118,335,1344034248,<p>I contend I was right. </p>,1,
59,116,279,1344084274,"<p>She's a friend of some other members. Not my kind of member, but eh.</p>",1,
60,108,130,1344094638,"<img src=""<fileStore.core_Emoticons>/emoticons/GeneralIMemoticons_wink.png"" alt="";)"" srcset=""<fileStore.core_Emoticons>/emoticons/wink@2x.png 2x"" width=""20"" height=""20"" />",1,
61,113,130,1344094710,<p>I reckon</p>,1,
62,109,130,1344094735,<p>Ditto</p>,1,
63,129,7,1344272508,<p>so?</p>,1,
64,129,336,1344272888,"<p>So you are a pitiable, sickening human being if the best thing in life you have to live for and fight for is genocidal racism. </p>",1,
65,131,67,1344273440,"<p>I do have loved ones and that is why I'm trying to build the best place for them to live peacefuly and happily, and that is also why I'm joining the army. ""The good soldiers fights, not because he hates what is in front of him, but because he loves what is behind him."" -G.K. Chesterton</p>",1,
66,131,336,1344273557,"<p>Then you should support respect for all nations; else, someone will justify their invasion and murder of Canadian people for their own selfish gain. You people are like Ayn Randists but for nations. </p>",1,
67,129,7,1344273840,"<p>'if' that is just your opinion. jesus said he who loses his life will find it, someone who doesn't believe in something more than his own human life is according to all science and sociology not human.</p>",1,
68,131,67,1344273947,"<p>Why do you think I'm joining the army? If another nation comes to harm my people, « I'll answer them with the mouth of my cannons » (Louis-Joseph de Montcalm). Like I said yesterday, having a good defense is the applied principle of ""YOU SHALL NOT PASS"".</p>",1,
69,130,7,1344274007,"
<p>Thanks for the tip, but I doubt you sincerely have my best interests at heart. Your parents clearly don't love you otherwise they wouldn't let you browse all these websites without supervision. </p>
<p>
You act like a foetus, you failed to raise a personal army, you are retarded even by revleft standards. </p>
",1,
70,132,130,1344274111,"<p>There's maybe 1 or 2 people on this forum that can be described as redneck hicks. And being Hispanic doesn't mean I'm not White. Hispanic does not = mestizo. My family is originally from Spain. You're just full of assumptions, aren't you? I didn't understand the class warfare bit of your comment. I haven't seen that many rednecks that could be described as ""bosses"" of anything, aside from their trailers and meth labs. Bosses live in Wall Street and Los Ange...</p>",1,
71,131,67,1344274172,"<p>An error from my part, it is Louis de Buade not de Moncalm.</p>",1,
72,132,130,1344274272,"<p>Bosses live in Wall Street and Los Angeles and Chicago, not in the Alabama backwoods. Unless you're one of those leftist retards that thinks conservative or religious = redneck. Then that wouldn't even merit a response.</p>",1,
73,133,336,1344275048,"<p>I am Jewish. I'm also Syrian, and I saw the thread ""SSNP"" hence I made an username in support of that party to give me something to pretend to support while I troll you guys. There are Arab Jews, you know. </p>",1,
74,132,336,1344275107,"<p>I see, so mestizos are inferior and deserve to be exploited and genocided, amirite?</p>",1,
75,131,336,1344275141,"<p>Nobody is going to attack Canada anytime soon. And you justified offense, not defense. IMperialism is not defense</p>",1,
76,130,336,1344275187,<p>Whatever. Go suck Nick Griffin's dick. </p>,1,
77,129,336,1344275220,"<p>Believe in something better, then</p>",1,
78,131,67,1344275635,"<p>No indeed we can sleep well in matters of foreign affairs, but my point is that to counter our evil imperialism, little nations need to be able to defend themselves. Nature is composed of preys and predators, and preys must learn to grow to defend themselves from the predators or they will succomb to God's Iron Laws. It is the same thing in the Human realm. Imperialism is a wonderful incentive for small nations to unite themselves and to stand as real men, protecting what they love. Belie...</p>",1,
79,131,336,1344279386,"<p>Those small nations will never be able to stand up to the war machines. Also, I remember you saying you preferred a white Canada. How funny, considering First Nations are the ""real"" Canadians and you are the colonizer. What about First Nations?</p>",1,
80,131,67,1344279574,"<p>I see the Aboriginals as equal citiziens in Canada, even if in the current situation, they are treated as child by the federal governement which is only promoting their disgusting behavior of illegal tobacco and firework sellers.</p>",1,
81,131,67,1344279715,"<p>I must go for an hour or two, but it will be my pleasure to answer your questions afterwards, if you have any concerning my way of thinking.</p>",1,
82,133,7,1344281988,"<p>Your IP said you were from Houston Texas fuck nugget, and you didn't even bother to change it when you re-registered. miserable fail, which makes me think you are a stormtroll trying to discredit jews. You have lied repeatedly so prove you are a jew or GTFO. </p>",1,
83,130,7,1344282052,<p>A two week foetus. </p>,1,
84,129,7,1344282210,"<p>I believe in something that is real. Everything you are talking about is emotion, and you are clearly a young child yourself - I believe in fact, and apply fact without egoism. that is the difference between us.</p>",1,
85,133,7,1344282319,"<p>Nigga please you avoided all talk of syria, and you dodged my questions on the SSNP. Flawless cover you got there agent zogberstien. </p>",1,
86,133,336,1344285188,"<p>I am from Texas. What, you think Jew = Israeli? There are Jews in America, dumbshit. And I am Syrian, but I'm not in the SSNP, obviously I thought I made that clear.</p>",1,
87,133,336,1344285209,<p>There are as many Jews in America as in Israel. You assume too much.</p>,1,
88,131,336,1344285239,<p>What do you think about the shooter recently? Were those Sikhs evil people who deserved to be gunned down in cold blood?</p>,1,
89,129,336,1344285305,<p>You don't have to be racist. You choose to be. You don't have to support genocide. You choose to.</p>,1,
90,131,67,1344285660,"<p>I don't think they deserved it. I'm not comfortable with random shootings against anyone, except if they deserve it. Yet, I understand the fact that a foreign religion implementing itself is not a good thing for the country, but I prefer deportation than violent ethnic cleansing.</p>",1,
91,131,336,1344287776,"<p>Irrelevant. So you agree he is a murderer? And that, accordingly, people like him need to be executed? Because he deserves to be hanged.</p>",1,
92,131,67,1344287951,"<p>Well yes, he is a murderer, he killed people. <img src=""<fileStore.core_Emoticons>/emoticons/GeneralIMemoticons_sleep.png"" alt=""-_-"" srcset=""<fileStore.core_Emoticons>/emoticons/sleep@2x.png 2x"" width=""20"" height=""20"" /> It is the gallows or the work camp, but I favour the work camp - we always need some good labour that can be treated as slaves because they are criminals.</p>",1,
93,128,131,1344307597,"<p>Not everyone on here is a genocidal racist, if anyone. Not everyone is a warmonger. Not everyone is a holocaust denier (FasCap). It is you and you scummy marxist crap that is ruining stuff. So when I say you are not welcome here you are not welcome here. Troll.</p>",1,
94,128,336,1344320253,"<p>Fuck off. I believe in equality. You people are archaic dipshits. You want the world in a perpetual state of division. Like I said, you are unwelcome in the civilized world. </p>",1,
99,133,336,1344333350,"<p>First of all, idiot, America is not a ""white country"". It's a nation of immigrants. It's not a nation proper like England is. Speaking of that, your kind are a disgrace to England and all that she stands for, and your own people shame you and want nothing to do with you. Huh. You're just a hateful piece of shit that has nothing better to believe in than ethnic cleansing. </p>",1,
100,129,336,1344333422,"<p>Nah, you can choose not to take your ""pride in race"" to the extreme of supporting ethnic cleansing. We are animals,to be sure, but we have a thing called logic and reason.</p>",1,
98,133,7,1344332414,"<p>HHAHAHA, I knew I smellt bullshit. hurr durr I had a syrian grandparent, i must be syrian - i bet you don't know a word of arabic or have even been to Syria. You are like so many americans with an identity problem it isn't even funny - though this neuroticism is probably why you feel so insecure - and rightly, you shouldn't be in a white country, but keep trying to justify yourself and taking your own inadiquacies out on us. You are probably not even a jew either</p>",1,
97,129,7,1344331817,"<p>Actually it is not a matter of choice, shit is not relative. If you want to rape a child that is your perogative, but I would have a social duty to stop you. I have always been disgusted by arrogant and egocentric people like yourself. Pride in family, pride in nation, pride in race - I don't think I am above all that. </p>",1,
101,133,336,1344333643,<p>But the good thing is most people are not racist and have moved past your archaic shit way of looking at the world. Face the reality: your scum are dying out in the world. </p>,1,
102,129,7,1344334630,"<p>Sorry, that is wrong. if you have principles, you you love something, then you should be morally prepared to do whatever is necissary to defend them - that or you don't believe in anything. If you do have principles you accept the responsibilites. </p>",1,
103,129,7,1344334638,<p>You probably don't  have values so you wouldn't know - 'I am an anti racist - but only when it is comfortable for me and I am on the internet' - this is why people here have been enclined to laugh at you. </p>,1,
104,133,7,1344334729,"<p>Implying america wasn't founded on ethnic cleansing. I know your type, logic just doesn't wash with you, if you were british you would be claiming we were a multicultural country as well - our leaders used the same argument for the people who came here 2000 years ago, that makes us a nation of immigants as well apparantly. </p>",1,
105,133,7,1344335105,"<p>SSNP, the first thing you will learn is most people don't care, though they are inherrantly racial. only a small part of the population is good or evil - fascist and communist. right now liberals are in power like they were in weimar germany, and you wouldn't believe the filth that came out of that place they population just accepted it. The nazis were for 10 years a fringe group with 2% of the popular vote, yet look what happened when they took power. Look how communism crumbled, jus...</p>",1,
106,133,7,1344335281,"<p>just a few coupsters against a few loyalists with most people sitting back. Who is actually an anti-fascist; a few middle class students, some people in the media and governement, the people believing what you are told. Don't kid yourself, when the baloon goes up what liberal will actually fight tomorrow? that would be an absurd fight. </p>",1,
107,128,131,1344346430,"<p>equality pfffffft. ""Semitic Supremacism"".</p>",1,
109,133,336,1344381042,"<p>America is still wholly different from England. There's no indigenous ""nation"" except the Native Americans, and you're right, they were genocided and people do feel sorry for that. You will never get people to agree and support ethnic cleansing. I 100% guarantee you of this. You're a shame and a disgrace to your own Britain. Hey, hopefully you get shot by a Muslim.</p>",1,
110,132,130,1344382131,"<p>Mestizos are inferior. The fact that the middle and upper classes in Latin America are almost exclusively White in the absence of direct racism, like is seen in the Anglo world, practically proves this. That doesn't mean they are to be genocided though. But everyone to the right of Olbermann support genocide, amirite?</p>",1,
111,128,130,1344382292,<p>&gt;represents entire civilized world</p>,1,
112,133,7,1344384481,"<div class=""ipsEmbeddedVideo "" contenteditable=""false""><div><iframe width=""480"" height=""270"" src=""https://www.youtube.com/embed/faNge-o0V-k?feature=oembed"" frameborder=""0"" allowfullscreen=""true""></iframe></div></div>",1,
113,133,336,1344395486,"<p>Whatever, I still hope a black gay Muslim man with Jewish heritage shoots you in the face. </p>",1,
114,132,336,1344406500,<p>That analysis completely ignores the lingering effects of colonialism and economic inequality. </p>,1,
115,128,336,1344406567,<p>Go out and ask people if they support segregation and racism and I guarantee you the overwhelming answer will be 'no'</p>,1,
116,133,7,1344426018,<p>Gay muslim - good luck with that! god you are a fucking embarassment; hurr durr WE R ANONYMOUS when your only reason for being here is being a butthurt little faggot. You will be the butt of jokes for weeks. </p>,1,
117,133,336,1344452420,<p>you're a threat to civilization. I am a supporter of the most brutal government suppression against your type</p>,1,
118,133,7,1344538220,"<p>Yes, well if you are trying to save a man from drowning you have to be rough with him. The elimination of a few hundred thousand of our worst criminals and traitors would result in an increase in our strength and enormously benificial to the population. </p>",1,
119,133,336,1344540031,<p>Those criminals and traitors are your type</p>,1,
120,138,2,1344540526,"<p>Everyone else is already responding/filling in - honestly the expert is Ben, he's the one who sent me those images.</p>",1,
121,138,336,1344540679,"<p>Well, okay, but I responded to them and with evolutionary evidence.</p>",1,
122,133,7,1344551990,<p>Prove I am either. </p>,1,
123,133,336,1344559583,"<p>You seek to kill people based on superficial characteristics they cannot control. That alone makes you a psychopath, and therefore a threat to the people.</p>",1,
124,139,336,1344566954,"
<p>On ""black"" and ""white"". I've been focused on Sub-Saharan Africa where I could easily point to Asians, Arabs, Jews, Indians, and others who do as well if not better than whites academically. </p>
<p>
Furthermore, ""white"" is not a precise term. Russians are not as accomplished as Italians, for example (you will recall that Russia was a backwater until the Soviet Union). There is strong overlap between Greeks and Arabs and Jews. There is overlap between Morrocans and Spa...</p>
",1,
125,139,49,1344567603,"<p>If you are serious start a thread with a real case; do what I asked, and do not break from that. You know exactly what I mean by a 'real case' what you made here is a moral argument; you are asking me 'what's the point' not proving the races are equal. There is a point and we have repeated it to you so it is a completely rhetorical question. You essentially do not even deny the existence of race and ethnicity anymore and changing the nature of the argument. That is because...</p>",1,
126,140,293,1344569797,"<p>ya u real srs brah, real srs. Like when you said our families deserve to be killed and raped by gangs of blacks.</p>",1,
127,140,336,1344570102,"<p>If you dish it out you need to take it, and many of you do dish it out.</p>",1,
128,140,240,1344602765,"<p>Right there, you just answered your own question with that post.</p>",1,
129,132,130,1344718163,"<p>That excuse completely ignores that colonialism and economic equality are a result of racial difference (superiority) not the reason for it. They're poorer and weaker because they can't compete, because they're inferior.</p>",1,
130,143,279,1344719622,"<p>Aye, aye.</p>",1,
131,143,161,1344746248,<p>I just got off one. I spent the whole week wanting to argue politics. Not as good as expected; liberals are everywhere.</p>,1,
132,143,130,1344760377,<p>As soon as I posted this I felt like delving into some of these topics. Inspiration is very fickle.</p>,1,
133,141,130,1344760584,"<p>Yes, I train child soldiers. What Uganda do about it?</p>",1,
135,141,342,1344899342,"<p>We ended the war in Uganda because we had enough ""Likes"" on Facebook, amirite?</p>",1,
136,141,130,1344915969,"<p>I know for a fact that when I like a Kony status, bottles of clean water appear in poor African children's laps. So fuck you. I'm a philanthropist. </p>",1,
137,133,7,1344955001,"
<p>So wait a psychopath is a criminal now? Not really - society still expects you to become a killer if you are drafted, or if you work for state execution, there are any number of sane legal occupations specialising in violence and liquidation. 'characteristics they cannot control' that isn't true, you always have to choice to resist enemies of your nation and not collaberate, there are no excuses. </p>
<p>
I am not a threat to 'my' people, which doesn't include immig...</p>
",1,
138,89,342,1345034023,<p>I only hope.</p>,1,
237,693,35,1356935063,Aquilism <br /><br />nuff said,1,
715,3027,9668,1488271837,"<p>
	Thank you my good friend 
</p>",1,172.103.195.66
716,3032,7600,1489551299,"<p>
	let me delete some pm's hold on
</p>",1,24.244.131.25
714,3026,14040,1487872808,"<p>
	both are a burden on society. Steralize them at least
</p>",1,82.32.170.252
171,222,281,1347501726,<p>That's pretty much it in a nutshell</p>,1,
174,89,67,1348186701,<p>And gentlemen pistol duels. Would be entertaining.</p>,1,
146,150,329,1345346460,<p>Thankyou. My exile was only supposed to last for like an hour— some kind of humor from Alex— ended up lasting about a week and a half…</p>,1,
713,3026,9720,1487866748,"<p>
	I have made my mind up long ago. Should I kill those who have forfeited their chance to be a decent person or kill those who have not yet had the chance to make their choice to be a decent person?
</p>",1,106.51.25.18
711,3024,13860,1487090180,"<p>
	how come?
</p>",-1,68.196.182.137
712,3024,9446,1487128146,"<p>
	Was just never really into it.  The past year or so I've been more interested in the sort of ""real religion"" or esotericism instead of just the sort of basic/entry level Hinduism that my family follows. I care less about the rituals and superstition and more about actually seeking out more religious wisdom/ideas/truths. 
</p>",1,100.33.36.131
154,153,130,1345427367,"<p>Politically correct? You must not know me very well. My issue with you isn't that I'm a Judeophile, because I'm not. My issue with you is that you spew the same pre-recorded mentally retarded FIGHT ZOG bull shit without providing even a remotely impartial source (nobody ever does). If you can't debate a thing without either invoking Jews or calling your opponent a Jew, you clearly have a problem. I'll wait and see what your views on other things are before I ""hate you,...</p>",1,
155,153,130,1345427433,<p>But the idea of an anti-colonial black Muslim is thick with irony.</p>,1,
156,159,342,1345514754,<p>Race War Now?</p>,1,
157,159,161,1345586007,"<p>Race war always. If possible, also gas the kikes.</p>",1,
158,170,342,1346074096,<p>No more gassing the kykes? ):</p>,1,
159,170,72,1346106139,<p>No more race war? :'(</p>,1,
160,170,130,1346112178,<p>How can we have a neo-nazi forum with no Whites?</p>,1,
161,170,335,1346231902,"<p>There's just too much bigoted racism up here, man. We need more pr0gressive fascism. </p>",1,
162,159,130,1346296996,"<p>gas the rich, class war now</p>",1,
163,142,130,1346297024,<p>Brilliant.</p>,1,
164,142,563,1346636532,"<p>^seconded, absolutely true.</p>",1,
165,218,164,1346960955,"<p>There needs to be a ""like"" button for these things.</p>",1,
166,222,342,1347068645,"<p>Never watched, give me the Nigga highlights.</p>",1,
167,222,130,1347249758,"
<p>-We're a rainbow nation.</p>
<p>
-16 trillion personal anecdotes.</p>
<p>
-I'm the man. I'm doing great things.</p>
<p>
-Thanks to all these millionaire celebrities for being here. That means we're truly the peoples' party.</p>
<p>
-More anecdotes.</p>
<p>
-Change.</p>
<p>
-Fake humility, fake humility, certainty of victory.</p>
<p>
-End speech. Stand around with nigresses to what seems like 15 minutes of nothing but applause and confetti.</p>
<p>
-Cue celebrity commentators discussing the ""a...</p>
",1,
168,222,130,1347249807,"<p>...discussing the ""awesomeness and historical-ness of his speech""</p>",1,
170,222,342,1347360393,<p>Wonderful of course.</p>,1,
175,264,342,1348616770,"<p>PURGE THE HERETIC, HE OFFENDS THE GOD KING.</p>",1,
176,264,335,1348724821,"
<p>My faith is my nation. If we're not willing to devote ourselves whole-heartedly to the nation, what represents our nation, and the people within - well then we shouldn't have the opportunity to call ourselves citizens of that nation. In any case - brilliant. </p>
<p>
Also hail Satan, 666.</p>
",1,
177,264,161,1348938736,"<p>""For I could wish that myself were accursed from Christ for my brethren, my kinsmen according to the flesh"" --Romans 9:3</p>",1,
178,268,72,1349127945,"<p>Same feelings here. Were there any liberals in your class who got butthurt ""dem conservatives are conservatives, not libruls!!11""?</p>",1,
179,252,281,1349131179,"<p>It's fine, I realized that a long time ago.  Just look forward to resurrecting greatness.</p>",1,
180,286,342,1349579152,"<p>Jew Blood,Sweat, and Tears.</p>",1,
181,286,67,1349581878,<p>On the altar of muh naaaaation!</p>,1,
182,287,130,1349657923,"From Stormfront, huh? That explains the 88",1,
183,292,16,1350304072,<p>Gasp.</p>,1,
185,277,130,1350516424,<p>GLORIOUS</p>,1,
186,268,130,1350516453,"<p>But conservativs is fascists, rite?</p>",1,
187,277,279,1350516668,<p>Lolol.</p>,1,
188,268,67,1350568470,<p>Makes sense. Conservatives (in the Canadian context) are libertarians who have remnants of love of social order.</p>,1,
189,277,342,1350699222,"
<p>&gt;Has Tramp Stamp</p>
<p>
&gt;Preaches a return to traditional morality</p>
<p>
Makes sense.</p>
",1,
191,299,342,1351130126,<p>Only Anarchists have no morals.</p>,1,
192,342,342,1351984493,<p>Back in ma day we had none of that there thongs er sex clothes.</p>,1,
193,344,342,1352505932,<p>SCUM</p>,1,
195,352,72,1352561947,"
<p>I'll speak in my language though. </p>
<p>
Kamusta mula sa Pilipinas. </p>
",1,
196,352,1772,1352696419,"<p>And, apa khabar kitak? That what we say ""how are you"" in Sarawakian Malay.</p>",1,
197,359,13,1352719153,<p>Not much</p>,1,
198,368,72,1352957672,<p>ok. </p>,1,
199,389,130,1353204999,<p>Wouldn't it have to be in Sarawakian or whatever</p>,1,
200,368,1772,1353237969,"
<p><a href=""http://www.facebook.com/NationalActivistsOfSarawak"" rel=""external nofollow"">http://www.facebook.com/NationalActivistsOfSarawak</a></p>
<p>
My new Facebook nationalist group page.</p>
",1,
201,389,1772,1353238249,"<p>For your information, I'm thinking to make a pro-nationalist/regionist of my state, Sarawak. And yeah, there are some activist group who fought for a change of a new, better government but sadly most of them are pro-democracy coward, and some ignorant Islamist group. (while at the same time Muslims at my state are minority.)</p>",1,
202,344,1772,1353241619,<p>They should be send to Kashmir.</p>,1,
203,397,1772,1353306195,"<a href=""http://www.facebook.com/NationalActivistsOfSarawak?ref=hl"" rel=""external nofollow"">http://www.facebook.com/NationalActivistsOfSarawak?ref=hl</a>",1,
204,434,158,1353788971,<p>Bok Van Blerk. Another good Afrikaans song is My Land by Karen Wessels. I don't like much Afrikaans music but those are great songs/singers. Robbie Wessels(not related to Karen) is an Afrikaans singer who is not good but it funny. You may want to check him out if you want a laugh.</p>,1,
207,521,7,1353937471,"<p>I don't really like to use it, though I briefly got to like it  took what I could from there. I do check it and post material there in the hope it gets out. </p>",1,
718,3034,6260,1490891381,"<p>
	Much appreciated man but it's custom badges I'm needing.
</p>",1,217.39.81.126
719,3034,9792,1490893177,"<p>
	NP, will find out where we got ours made and let you know.
</p>",1,146.90.250.253
208,491,2075,1354093602,"<p>The Italians were happen they weren't completely wiped out by the Ethiopians, the Ethiopians were happy that they didn't have to waste time on a horrible army any longer.</p>",1,
209,604,298,1354295080,"<p>Good luck, my friend. You can always claim asylum in Sweden. </p>",1,
221,618,2099,1355245832,<p>If they are not hating on Japanese and Koreans in their homeland and their culture. I see no irony here.</p>,1,
222,647,2099,1355440891,<p>The only answer is: re install Windows. </p>,1,
223,647,283,1355443881,<p>Windows is for victims...install Linux</p>,1,
224,646,16,1355570376,<p>Best tea is Ketepa.</p>,1,
226,639,2099,1355693882,<p>I agree.</p>,1,
227,661,342,1355885135,<p>Check your privilege Frenchmen.  </p>,1,
228,268,2099,1355951017,<p>Yes. That is a good observation. </p>,1,
213,604,1772,1354387111,<p>Please don't worry at that my friend. And I didn't want to leave my tropical paradise in Borneo only to gain an asylum in foreign countries.</p>,1,
214,344,2099,1354470731,<p>Perhaps the former.</p>,1,
215,627,4,1354491647,<p>Oh my.</p>,1,
216,342,2099,1354781785,<p>Sadly yes. We are going down in every possible way.</p>,1,
217,277,2075,1354871166,"<p>Kill her, she's a traitor to the ideology.</p>",1,
218,626,2075,1354871235,<p>Wheelchair coming in with a knife at 55 km/h</p>,1,
219,627,2075,1354871259,<p>Muh dik</p>,1,
220,277,342,1354979064,"<p>She's a ""Christmas Graduate"" no need.</p>",1,
229,661,130,1356223437,<p>Facial hair is for barbarians.</p>,1,
230,674,2099,1356306754,<p>Avanti might comment here.</p>,1,
231,688,2,1356492103,<p>Whatever you want. And who are you on deviantART?</p>,1,
233,688,1772,1356495160,"
<p>otakumilitia. The same name at my dA account.</p>
<p>
But I have an account for showing my political thought; otakurepublic, while at the same time my otakumilitia account is for posting my anime artwork/other stuff.</p>
<p>
<a href=""http://otakumilitia.deviantart.com/"" rel=""external nofollow"">http://otakumilitia.deviantart.com/</a></p>
<p>
<a href=""http://otakurepublic.deviantart.com/"" rel=""external nofollow"">http://otakurepublic.deviantart.com/</a></p>
",1,
234,690,2099,1356646804,It happens. ,1,
235,691,2099,1356648268,Just try to be a bit more tolerant.<br />,1,
243,716,49,1357359161,"Yep. You have autism, my friend. I would see a psychologist.",1,
239,674,2220,1357171946,<p>Sweet. </p>,1,
240,696,161,1357185954,<p>Proud strong Aryan beta males only</p>,1,
242,700,161,1357351587,<p>#ironmarch</p>,1,
244,714,158,1357369650,"<p>RevLeft, no way. SocialistPhalanx, if you wish. It could be interesting. I found IronMarch because of SocialistPhallanx but I stop posting on that commie-liberal forum ages ok. SocialistPhallanx is like a cross between IronMarch and RevLeft. Some members are closer to RevLefters though.</p>",1,
245,716,2288,1357372165,"I know him, assure you he does not have autism.",1,
246,716,279,1357379825,Don&#39;t take it seriously. &quot;Autism&quot; is the &#39;Fascist&#39; equivalent of &quot;You&#39;re a Nazi&#33;&quot; around here.,1,
247,717,279,1357421376,"<p>It is good to pay your honors to the past, but you shouldn't stare into the abyss for too long. Remember the past, live in the present and strive for a better future.</p>",1,
248,689,16,1357520357,<p>Tell me about it.</p>,1,
249,639,1558,1357558758,<p>Bloody fascist.</p>,1,
250,694,1558,1357558881,"<p>I agree, I would die for it.</p>",1,
251,712,2099,1357671245,<p>They say it's as good as the Lord of the Rings.</p>,1,
252,618,1986,1357837376,<p>Are you referring to Unsung War; the Ace Combat song?</p>,1,
253,751,1109,1357854120,<p>I will</p>,1,
287,2271,6113,1369171844,"
<p>And which do you Favor?</p>
<p>
Legitimist, Orléanists or Bonapartist?</p>
",1,
256,793,130,1358835882,<p>Solution: Zionism</p>,1,
257,766,288,1358958313,"<p>Dagos are plebs <img src=""<fileStore.core_Emoticons>/emoticons/GeneralIMemoticons_wink.png"" alt="";)"" srcset=""<fileStore.core_Emoticons>/emoticons/wink@2x.png 2x"" width=""20"" height=""20"" /></p>",1,
258,712,2220,1358962568,"<p>Oddly, I did not go and watch it... And now it is basically out of theaters. Shit. </p>",1,
262,765,288,1359160084,lol,1,
264,793,130,1359258981,"<p>If it was actually run by the Zionist right, yes.</p>",1,
265,769,1558,1359658380,"<p>Yes, and ''Viva la Roi'' to you too.</p>",1,
727,3050,14382,1498119080,"<p>
	ok.
</p>",1,2001:4640:7c7b:0:a92d:5106:23f2:2b42
728,3051,9622,1498633272,"<p>
	One of the best images, for sure.
</p>",1,95.111.27.132
266,856,2871,1360071241,"<p>Hello, from my knowledge you are an admin and I had questions on how to unlock my abilities to edit my profile along with commenting on some of the posts. If you could please help, it would be much appreciated. </p>",1,
267,646,857,1360304706,<p>I love Green tea.</p>,1,
269,887,342,1360686027,<p>As the French say. Comme Ci Comme Sa. Question?</p>,1,
270,887,16,1360709731,"<p>Yes, what's your preferred one?</p>",1,
271,887,342,1360783027,<p>Imagine a Marxist interpretation of history combined with the Great Man/Woman Theory. This sort of springs from the fact that we I was taught lesbianized versions of social history by professors and others.</p>,1,
272,887,342,1360783175,"<p>Generally a great way to interpret any historical event is the SPERM method (Social, Political, Economic, Religious, Military) and work from there.</p>",1,
273,887,16,1360842877,<p>No love for the Annales school then?</p>,1,
274,887,342,1360853541,"<p>No hatred, but for me the Annales School pays too much attention to the small details and loses itself in the big picture if you know what I mean.</p>",1,
275,890,288,1360970385,"<p>It's a joke that's been around for a while, it just made me laugh. I was indeed Nebuchadnezzar II. I vaguely recall talking to you a while back.</p>",1,
276,571,16,1361215971,<p>Part of a complete breakfast.</p>,1,
277,765,274,1361399246,Why is Stoic Guardian exiled? :/,1,
278,966,35,1362279830,"
<p>And this is crazy...</p>
<p>
But here is my number &gt; 14/88</p>
",1,
279,966,35,1362279839,<p>so call me maybe?</p>,1,
280,966,3721,1362280277,<p>hay evry1 im a fascist celery stalk don't hit on me silly y chromosones xD</p>,1,
281,712,67,1364409726,<p>Saw it 3 or 4 times. Loved it.</p>,1,
282,2007,5590,1366076633,"
<p>Here is the link to my ""prison cell"" if any of you faggots wants to speak to me about ANYTHING haul you're ass to that thread you goddamn pieces of shit:</p>
<p>
<iframe src=""<___base_url___>/index.php?/topic/2304-communist-narnia-paradise/page__p__55332&amp;do=embed&amp;embedComment=55332&amp;embedDo=findComment"" frameborder=""0"" data-embedcontent=""""></iframe></p>
",1,
283,2271,16,1366637449,"
<p>That's quote a simplistic way of looking at monarchy. For one thing, there are three actual pretenders to the throne of France, each one of them representing a different philosophy of government, and the case is similar in many republic which were once monarchies, such as Italy.</p>
<p>
I don't think feudal institutions are applicable in a modern setting, since population distribution being more urban and the industrial revolution having happened, a true feudal system would be unworkable...</p>
",1,
293,1991,6113,1369384376,<p>Secession should always be a last resort.</p>,1,
296,571,6117,1370542712,<p>How did this guy get exiled?</p>,1,
717,3032,7600,1489551422,"<p>
	try now
</p>",1,24.244.131.25
298,2385,6117,1370727075,<p>Good for you!</p>,1,
382,2570,7846,1407176414,<p>;D</p>,1,
302,571,1986,1371337302,"<p>The man of many names said something about him declaring himself an anti-nazi fascist. Then Vladimir exiled him, or so it goes.</p>",1,
303,2393,158,1371538736,"<p>its not bad, has potential. Reminds me a bit of Absurd. If it had drums and vocals it would sound better. It would sound better with a rawer more hissing like sound. Satanic Warmaster for example. What are your favourite NSBM bands? </p>",1,
304,2396,6144,1371945208,"<p>Cheers!  I noticed you visited my profile.  I'm an American from the state of Oklahoma.  I'm not sure how this site works or how to fill more information in my profile.  My moniker ""Calvinistic Fascist"" is a general view of life.  I'm not a total religious fanatic.  I just think that the political ideas of fascist-nationalism coupled with the ideas of a semi-religious and charitable commonwealth of reformation values would be better than what we have.  So, I am just tr...</p>",1,
305,2388,288,1372020518,<p>Or just put a pic of the results of AIDS and gay bowel syndrome next to it. Or you could make what appears to be a pro-homosexuality poster and then have a link to anti-homosexuality fact website(s) such as homosexinfo.com or a link to one of those mentioned studies.</p>,1,
306,855,6144,1372020627,"<p>Thank you for adding me on your friends list.  I'm still clueless on how this site works.  I'm still trying to get validated, but the help instructions are doing me no good.</p>",1,
307,2402,288,1372025003,"<p>I'll have a word with an admin, see if I can get you validated quicker.</p>",1,
308,712,2220,1372514659,"<p>I loved what I saw and I await the next one.. (boy, that was late). </p>",1,
309,2402,2220,1372514839,<p>That sounds good &amp; refreshing. Excellent. </p>,1,
310,2396,6113,1373515511,<p>Have you tried contacting Noyles' group</p>,1,
311,855,1986,1374596006,<p>Niggers tongue my anus</p>,1,
312,2271,16,1374618339,"
<p>Bonapartist.</p>
<p>
Hurr hurr late reply.</p>
",1,
313,2420,6122,1375381462,"
<p>I just find that chant by the British antifas hilarious for some reason. </p>
<p>
But I thought you disliked the BNP?</p>
",1,
314,2413,2075,1375527284,<p>No problem0</p>,1,
316,2418,6113,1376885110,"<p>Well Race, Culture and Language are all a part of History.</p>",1,
317,2271,6113,1376885171,"
<p>Yes this profile feed thing has  no feedback apprently, no notification.</p>
<p>
Either that or it's just unreliable.</p>
",1,
318,2418,16,1376955483,<p>Ah but isn't history meant as the result of actions upon actions within which race culture and language play a role?</p>,1,
319,2418,5779,1376958950,"
<p>We can take your idea to an extreme in order to examine what you mean. Do you mean to say, for example, that a group of people with no common race, culture, or language, can, by the course of historical events, be forged into a nation? Interesting thought.</p>
<p>
BTW, how do I change my user title? Somebody changed it for me, can't seem to change it. Thx</p>
",1,
320,2418,6117,1377035475,"<p>History is made by the culture, Language, and race.</p>",1,
321,2426,6217,1377449051,"<p>Sorry, But no, I took the title from a Would-be kick boxer here in Seattle.</p>",1,
322,2424,6113,1377468938,"<p>Fascism is Progress, Fascism is the only Way Foreward for the Principled man, there can be no substitutions or half measured conservatism, it has failed us and the only Solution is a revolutionary response.</p>",1,
323,2426,7,1377470039,<p>ok cheers</p>,1,
324,2428,1558,1377550366,<p>Was that the sound of you eating another frog?</p>,1,
326,2393,6115,1377900811,"<p>Peste Noire (not NS, but good nationalist band), Burzum in the metal albums, M8L8TH, Der Stürmer.</p>",1,
327,2435,821,1377922568,<p>Ching chong potato</p>,1,
328,2435,6115,1378001432,<p>ching ling how long have you been a hikikomori?</p>,1,
330,2440,6218,1378673659,"
<p>Don´t get smart on me boy!</p>
<p>
<a href=""http://www.urbandictionary.com/define.php?term=dego"" rel=""external nofollow"">http://www.urbandictionary.com/define.php?term=dego</a></p>
",1,
332,2441,6115,1378749441,"<p>Ah sim, entendo. De fato os Estado Novo foi apenas uma reação de proteção a onda de comunistas que enfestava a ibéria. É que de certa forma, os ""fascistas"" tendem a adorar qualquer líder reacionário que foi contra o comunismo como Salazar, Franco, etc. Mesmo sendo contraditório com a ideologia. Enfim, como andam as coisas por aí?</p>",1,
333,2444,132,1378985288,<p>Don't bother.</p>,1,
334,2446,16,1379044394,"
<p>Do go on.</p>
<p>
Still a fan of Metternich though?</p>
",1,
336,2422,130,1379875727,"<p>I will always remember you with that song, brother. Rest in peace.</p>",1,
337,2434,6258,1379890469,We can use blacks to our advantage and defeat the Jews. <br />,1,
338,2435,821,1381024564,<p>huh</p>,1,
339,1216,274,1381190838,<p>LOL</p>,1,
340,2446,281,1381371401,"<p>Sorry I just noticed that, but yes, still a fan of Metternich.  What I like about integralism though is that it holds society and the nation as a sacred thing.  Also like that Maurras, the founder was also a supporter of monarchy</p>",1,
343,2465,6254,1385348179,<p>Better a nationalist than a faggot.</p>,1,
344,2495,6554,1387308422,"<p>Only a Jew doesn't want to be questioned, fuck this site.</p>",1,
345,2498,2220,1387525995,<p>Welcome back</p>,1,
346,2498,6322,1387769819,"<p>Welcome back, mandra.</p>",1,
349,2500,6322,1388819546,<p>How was your New Year's Eve?</p>,1,
350,2505,4,1389630634,<p>I hope it's nothing serious.</p>,1,
351,2464,101,1389737241,"
<p>&gt;German</p>
<p>
&gt;Implying white</p>
<p>
&gt;Implying I wouldn't rather be Swahili than Germanic</p>
",1,
355,2500,2220,1390360058,"<p>That went well, actually; did not overdo it. It was rather low key. You?</p>",1,
356,2500,6322,1390643982,<p>Same here.</p>,1,
357,2500,2220,1390670698,<p>Very good</p>,1,
358,2505,353,1390929671,<p>I survived.</p>,1,
359,2516,7428,1391104413,"
<p>the topic:</p>
<p>
<a href=""http://freetexthost.com/ortohygbng"" rel=""external nofollow"">http://freetexthost.com/ortohygbng</a></p>
",1,
361,2519,6168,1393321942,<p>wut</p>,1,
363,2397,1558,1394425886,<p>Ya muh niger XD :----DD</p>,1,
364,2528,168,1395685446,<p>absolutely</p>,1,
367,2544,2220,1399866435,"
<p>2 Euphoric 2 B 4got</p>
<p>
<a href=""https://warosu.org/data/jp/img/0114/09/1379040300830.gif"" rel=""external nofollow"">https://warosu.org/data/jp/img/0114/09/1379040300830.gif</a></p>
",1,
368,2544,1558,1399878517,<p>*Tips le astral fedora*</p>,1,
370,2534,2306,1403389897,<p>Lol good luck with that lmao</p>,1,
371,2551,2306,1403390444,"<p>Finnish war 1808-1809, nevar evar forget you Swedish noble.</p>",1,
372,2534,353,1403390848,<p>you are also trying right? I see that you should try harder</p>,1,
373,2534,2306,1403391104,"<p>HEY FINLAND WHITE, WHITE AS RICE</p>",1,
374,2551,1558,1403648068,<p>But we can unite on one thing: Fuck the russians.</p>,1,
375,2555,1558,1403993852,<p>XDD</p>,1,
376,2558,7846,1404004594,<p>BWC TERROR MACHINE!</p>,1,
388,2566,1986,1408991995,<p>my nigga my nigga</p>,1,
383,2578,7481,1408150787,Alexander Slavros is away atm and all the other admins are lazy cunts.,1,
389,2595,7719,1410218267,<p>&gt;More loyal to pope than nation &gt;lolwat</p>,1,
390,2595,6168,1410550670,"
<p>&gt;papists</p>
<p>
&gt;white</p>
",1,
391,2595,1558,1410562912,<p>Not even brown</p>,1,
392,2600,1558,1410718366,<p>Me 2</p>,1,
394,2584,6274,1410851970,what were you expecting?,1,
397,2608,6113,1411026428,"
<p>Quit being a defeatist pussy.</p>
<p>
What you read stuff on here for a week and then fuck off and say ""woe is me all is lost""</p>
<p>
If the fight is unwinnable its only because nobody even tried.</p>
",1,
396,2602,6113,1411026138,<p>Not really no.</p>,1,
399,2616,2,1412192529,"
<img src=""<fileStore.core_Emoticons>/emoticons/GeneralIMemoticons_smile.png"" alt="":)"" srcset=""<fileStore.core_Emoticons>/emoticons/smile@2x.png 2x"" width=""20"" height=""20"" />:)<img src=""<fileStore.core_Emoticons>/emoticons/GeneralIMemoticons_smile.png"" alt="":)"" srcset=""<fileStore.core_Emoticons>/emoticons/smile@2x.png 2x"" width=""20"" height=""20"" />::)<img src=""<fileStore.core_Emoticons>/emoticons/GeneralIMemoticons_smile.png"" alt="":)"" srcset=""<fileStore.core_Emoticons>/emoticons/smile@2x.png 2x"" width=""20"" height=""20"" />:)<img src=""<fileStore.core_Emoticons>/emoticons/GeneralIMemoticons_smile.png"" alt="":)"" srcset=""<fileStore.core_Emoticons>/emoticons/smile@2x.png 2x"" width=""20"" height=""20"" />::)<img src=""<fileStore.core_Emoticons>/emoticons/GeneralIMemoticons_smile.png"" alt="":)"" srcset=""<fileStore.core_Emoticons>/emoticons/smile@2x.png 2x"" width=""20"" height=""20"" />:):<img src=""<fileStore.core_Emoticons>/emoticons/GeneralIMemoticons_smile.png"" alt="":)"" srcset=""<fileStore.core_Emoticons>/emoticons/smile@2x.png 2x"" width=""20"" height=""20"" />:)<img src=""<fileStore.core_Emoticons>/emoticons/GeneralIMemoticons_smile.png"" alt="":)"" srcset=""<fileStore.core_Emoticons>/emoticons/smile@2x.png 2x"" width=""20"" height=""20"" />:)<img src=""<fileStore.core_Emoticons>/emoticons/GeneralIMemoticons_smile.png"" alt="":)"" srcset=""<fileStore.core_Emoticons>/emoticons/smile@2x.png 2x"" width=""20"" height=""20"" />:)",1,
400,2618,1558,1413835842,<p>:DDDD SPURDO SPÄRDE XDDDDD :----DDD</p>,1,
404,2638,8264,1419050377,<p>Thank you for being familiar with history. </p>,1,
406,2662,281,1423513738,<p>So you're saying no Swede can be fascist?</p>,1,
407,2662,1558,1423582213,<p>i bet you're only 2 inches</p>,1,
408,2666,7643,1424150348,"<p>Hi there <img src=""<fileStore.core_Emoticons>/emoticons/GeneralIMemoticons_smile.png"" alt="":)"" srcset=""<fileStore.core_Emoticons>/emoticons/smile@2x.png 2x"" width=""20"" height=""20"" /></p>",1,
409,2505,7757,1424271645,<p>coisa de branco</p>,1,
410,2675,7816,1426804014,<p>The hell I am. I tango core like a boss</p>,1,
411,2675,7757,1426873969,<p>bitch I'll cinghiamattanza your ass up</p>,1,
412,2662,2075,1427166247,<p>8.5 inches checking in. I am confirmed Fascist finally :DDDDDDDDDDDD</p>,1,
413,2662,1558,1427215087,"<p>Gz <img src=""<fileStore.core_Emoticons>/emoticons/GeneralIMemoticons_smile.png"" alt="":)"" srcset=""<fileStore.core_Emoticons>/emoticons/smile@2x.png 2x"" width=""20"" height=""20"" />)</p>",1,
414,2662,9144,1428430514,"<p>Agreed. We should form our own 8+ inches battalion. In fact, that is how the ruling elite of our new state should be chosen.</p>",1,
415,2662,1558,1428434510,<p>I agree fully. Myself having a proud 22 incher I nominate myself as Führer heil BWC</p>,1,
416,2662,9144,1428435444,<p>inb4 the esoteric traditions of penile displays in asserting dominance becomes next antimony group research project. </p>,1,
417,2662,1558,1428466117,<p>i will never share my secrets for huge massive dick sorry</p>,1,
511,2848,7424,1443762397,<p>Let's make out and burn down a bank</p>,1,
419,2609,7636,1430386934,<p>Agreed</p>,1,
420,2697,7636,1430683831,<p>No Frank</p>,1,
422,2609,6113,1430881362,<p>kek Profile feed is so pointless</p>,1,
423,2694,6165,1430983839,<p>Which of his have you read? </p>,1,
752,3061,9571,1503637128,"<p>
	WOW THATS GONNA STOP AN ARMED REVOLUTION FROM TAKING PLACE HEY GUYS HES GONNA STOP US
</p>",1,2602:306:cdb6:87a0::3e9
425,2694,6165,1431041251,"<p>The man is quite the visionary I may add, hes certainly one of my profound influences and I cannot see how his ideas wont mold the political arena in the time to come. Do you follow his blog?</p>",1,
751,3056,14617,1503636579,"<p>
	go back to guatemala and learn some good trellz from the cartels
</p>",1,184.101.230.10
427,2694,6165,1431300162,"<p>Yes, thankfully I've access to a decent translator anyhow, though my command of the language is fairly decent. In my opinion, Faye and the New Right are the life force that 21st century fascism so desperately needs, we need to grasp the new European imperative, the harmony of the appollonian and dionysian presented in his thesis, the Nietzschean reaffirmation, the recognition of the inner archaic within the endless tragedy that is spherical history. </p>",1,
428,2694,6165,1431300178,<p>This forum may ban me soon I may add.</p>,1,
749,3056,9679,1503636400,"<p>
	BETA UPRISING 2017
</p>",1,99.6.21.105
750,3056,14617,1503636447,"<p>
	u arnt even beta you are just spic betas have good trellz
</p>",1,184.101.230.10
430,2707,6113,1431528967,<p>You don't have a girlfriend do you?</p>,1,
432,2707,6165,1431682491,<p>I dont. Why would it matter? </p>,1,
433,2694,6165,1431682571,"<p>Lest we be at the risk of dilution from philistines, luddites, and shams that is. </p>",1,
434,2694,6165,1431682615,"<p>Its the 21st century imperative that the fascist movement needs to embrace, lest it wish to subsist. </p>",1,
437,2698,2170,1432051589,<p>I thought communism was supposed to be about love and tolerance...</p>,1,
438,2714,6165,1432281206,<p>spergalicious</p>,1,
439,2715,281,1432301266,<p>When was the last time you were with a women?</p>,1,
440,2715,281,1432301577,"<p>Better question, when was the last time you talked to one face to face?</p>",1,
441,2695,7543,1432364172,"<p>Yep, Quisling is one of my personal heroes. By far the most prominent norwegian fascist and an all around great man.</p>",1,
442,2720,9497,1432411126,"<p>Hello, I hope I will enjoy my experiences on this form.</p>",1,
445,2658,1558,1432754787,<p>Oj nej</p>,1,
754,3063,9668,1505263293,"<p>
	<span><a contenteditable=""false"" data-ipshover="""" data-ipshover-target=""<___base_url___>/index.php?/profile/14875-poeticarturius/&amp;do=hovercard"" data-mentionid=""14875"" href=""<___base_url___>/index.php?/profile/14875-poeticarturius/"" rel="""">@PoeticArturius</a> intro threads get locked after a week and until you complete the exam some aspects of the forum are locked </span>
</p>",1,172.103.195.66
448,2726,7757,1433437881,<p>Sorta</p>,1,
449,2731,7757,1433437905,<p>Texas then?</p>,1,
450,2733,9174,1433498002,"<p>Thanks, you do know it don't you?</p>",1,
753,3062,14673,1504287193,"<p>
	Thanks lad. Good luck with your next one.
</p>",1,88.202.231.15
453,2732,8346,1433859199,"<p>I'm not sure what it's called, but it's by William Blake. I like it too, makes you think of the 'solar race' and all that</p>",1,
454,2734,7757,1434040953,<p>Minor Threat is the shit</p>,1,
455,2726,7757,1434040978,<p>North Hollywood? Whenever I'm in LA I stay at sfv</p>,1,
456,2736,9149,1434155377,<p> ¡Te habla es el hampaa!</p>,1,
459,2740,9531,1435480377,<p>I doubt anybody will fuck them. </p>,1,
460,2743,8232,1435544394,"<p>On days like these, I say ""it can't happen sooner.""</p>",1,
461,2743,7600,1435624413,"<p>Yes it is my friend <img src=""<fileStore.core_Emoticons>/emoticons/GeneralIMemoticons_wink.png"" alt="";)"" srcset=""<fileStore.core_Emoticons>/emoticons/wink@2x.png 2x"" width=""20"" height=""20"" />. </p>",1,
462,2745,293,1435768534,"<p>ha, if i wasnt so lazy I would make a header quote with the base image</p>",1,
463,2417,7600,1436213235,"<p>ur a dingus, why you change your name so much :?</p>",1,
464,2417,288,1436216489,"<p>Muh tradition, goy</p>",1,
466,2747,7600,1436256264,<p>Boots up your arse</p>,1,
467,2747,9531,1436269695,"<p>It sure was a waste of time, if you ask me. I mean holy crap they only talk about the petty issue of the now. It's boring.</p>",1,
468,2748,6113,1436305245,<p>Hi</p>,1,
476,2762,9548,1437408703,<p>it it what i think is the perfect poem</p>,1,
470,2436,9548,1436976298,<p>^-^</p>,1,
471,2436,9548,1436976315,<p>that was beautiful</p>,1,
472,2697,1558,1437087862,<p>I am Hell</p>,1,
478,2671,7,1438183835,"<p>Yes post your facebook, skype, or email address and I can contact you.</p>",1,
477,689,9548,1437762961,<p>tru dat comrade</p>,1,
480,2556,353,1438987794,<p>I discover this the hard way</p>,1,
483,2535,9548,1440634939,<p>what is the primary purpose of this?</p>,1,
488,2800,9617,1441717548,"
<p>norte de portugal. </p>
<p>
sim, tenho skype. porquê?</p>
",1,
489,2800,7757,1442274228,"<p>A comunidade lusofônica desse fórum é pequena, agora que já somos quatro membros ativos [dois brasileiros e dois portugueses] poderíamos criar um chat ou algo do gênero. </p>",1,
490,2809,9174,1442485744,"<p>Oh aye! <img src=""<fileStore.core_Emoticons>/emoticons/GeneralIMemoticons_smile.png"" alt="":)"" srcset=""<fileStore.core_Emoticons>/emoticons/smile@2x.png 2x"" width=""20"" height=""20"" /></p>",1,
491,2809,9548,1442671151,"<p>the pug life is great no <img src=""<fileStore.core_Emoticons>/emoticons/GeneralIMemoticons_wink.png"" alt="";)"" srcset=""<fileStore.core_Emoticons>/emoticons/wink@2x.png 2x"" width=""20"" height=""20"" /></p>",1,
492,2815,7346,1442783836,"<p>Don't know, don't care.</p>",1,
493,2827,9304,1443024761,<p>Oy Vey! Like anotha Shoah!  </p>,1,
494,2827,9655,1443027417,<p>How dare you not give me my 6 gazillion shekels!</p>,1,
497,2832,6322,1443213384,<p>Nah. Romanian from the cradle to the grave.</p>,1,
496,2823,9655,1443060806,<p>yeh yeh yeh </p>,1,
499,2832,9548,1443214105,<p>ive never really understood the difference between Catholicism and Orthodoxy except that Orthodoxy seems more pure and unsullied by the bulllshit liberal value system</p>,1,
500,2832,6322,1443279615,"
<a href=""http://i.imgur.com/FbG9QR3.jpg"" rel=""external nofollow"">http://i.imgur.com/FbG9QR3.jpg</a> The Orthodox Church is the legitimate continuant of the united Roman Church. Aside differences in Christian Tradition(which are quite significant by themselves), the Catholics have significant differences in dogma and theology, the two largest ones being their 'rationalism' which has given birth to materialism(as opposed to Orthodox mysticism) and their supremacist, centralized view on the Church. Orthodoxy is by its very nature nationalist, in that it r...",1,
501,2832,9548,1443282848,<p>how do you feel about bozgors and and how do you plan on destroying them?</p>,1,
503,2832,6322,1443284818,<p>I would try to forge a dialect for them as to not identify with the rest of Hungardom and convert them to Orthodoxy. </p>,1,
505,2832,9548,1443300764,<p>and deport them?</p>,1,
506,2832,6322,1443305427,"<p>Nope, integrate them into Romanian society.</p>",1,
507,2832,9548,1443307539,<p>but they cant race mix right?</p>,1,
508,2832,6322,1443376240,<p>They might as well. there is no proper Hungarian nation. There are only Romanians and Slavs that have been forced by a small Altaic elite to adopt their tongue.</p>,1,
509,2847,1558,1443757688,<p>It is very based</p>,1,
510,2847,9655,1443757888,<p>Charles V got rekt at Diet of Worms. Shots fired by the great Martin Luther</p>,1,
512,2848,7816,1443762460,<p>marry me</p>,1,
513,2848,7424,1443762586,<p>DA</p>,1,
514,2848,7816,1443762719,<p>the revolution demands our holy matrimony</p>,1,
515,2850,7424,1443887683,<p>Only if they are free range and organic &gt;:]</p>,1,
519,2850,7424,1444166596,<p>they're full shit i will fix that</p>,1,
572,2883,2220,1447462482,<p>lol. I like it whenever Ram Z Paul says that stuff</p>,1,
517,2848,7643,1443924742,<p>Che did nothing wrong 88 </p>,1,
518,2850,9503,1444021181,<p>did you block me or are your PM's full? </p>,1,
522,2547,104,1444657868,<p>Drink like Viking!</p>,1,
523,2547,2220,1444708842,"<p>I have been dong that too much lately, Bato, lol</p>",1,
524,2848,6113,1444762681,<p>Conflicted Feels about Klaus Barbies hand in Killing Based Che.</p>,1,
525,2816,9698,1445600751,"<p>Shto?! Moya ""shitskin"" kraseevoya. Etha zolotho. Chornoye zolotho.</p>",1,
526,2816,9698,1445600780,<p>*Etho</p>,1,
527,2859,9698,1445697937,<p>My banter has been traumatized by the banterphobic news. You should've added a wee trigger warning there m80. </p>,1,
528,2864,6168,1445852204,<p>same</p>,1,
529,2869,1558,1446583765,<p>no</p>,1,
539,2864,9679,1446697478,<p>Mine.</p>,1,
540,2858,8232,1446698418,"<p>The Adminship will validate your account in short order, but these things aren't always instant.</p>",1,
547,700,9149,1446730772,<p>FUCK OFF</p>,1,
548,700,9149,1446730779,<p>FUCK OF FAGGOT</p>,1,
561,2864,9679,1446770933,<p>You'll have to wait until Monday. That's when new accounts are approved.</p>,1,
756,3066,14564,1506004197,"<p>
	HE'LL YEAH
</p>",1,2a02:587:a026:8700:511d:4440:8b78:c43f
566,2864,9679,1446771613,<p>It's just what they do for the sake of efficiency. Every Monday.</p>,1,
755,3066,13558,1505879662,"<p>
	HE'LL YEAH
</p>",1,2601:280:4d80:c2c5:c9fa:691e:2236:f8bf
568,2864,9679,1446771837,<p>Sure thing.</p>,1,
570,2864,9679,1446788159,"<p>They also require every post to be looked over by mods before they allow it to be posted. Some of our guys tried to fuck with them, so we know their process.</p>",1,
571,2862,9655,1446839574,<p>Wacha need m8?</p>,1,
573,2886,68,1447722041,<p>me</p>,1,
574,2887,9679,1448074253,<p>*anticipation rises*</p>,1,
575,2900,9679,1450495020,"<p>Yeah, mate! Hope you don't mind the appropriation.</p>",1,
576,2883,1558,1450731445,"<div class=""ipsEmbeddedVideo""><div><iframe width=""480"" height=""270"" src=""https://www.youtube.com/embed/5Mfbs_I-fjE?feature=oembed"" frameborder=""0"" allowfullscreen=""true""></iframe></div></div>",1,
579,2894,353,1453086869,<p>gosto mto quer tc</p>,1,
580,2918,9149,1455726384,<p>No soy indio pero aqui estoy carajo!</p>,1,
581,2922,9503,1455937927,<p>didnt even notice haha sorry </p>,1,
582,2922,9503,1455937965,<p>your inbox is full too yo </p>,1,
583,2923,9353,1455971396,<p>Sve piramide u oblake lete.</p>,1,
584,2918,7636,1456176289,<p>I could only imagine </p>,1,
586,2902,9112,1459499597,"<p>
	COOL! Who are you, mysterious stranger? I have a few ideas, but I'm not certain.
</p>",1,66.211.247.238
592,2937,9112,1459746023,"<p>
	Realistically speaking I don't have one. A few friends of mine are disabled vets.<br />
	A few more friends of mine are people who are working and providing a service in some way.<br /><br />
	Does that answer your question sufficiently?
</p>",1,66.211.247.238
590,2902,9112,1459564344,"<p>
	You could've potentially been one of four people. I've narrowed it down to one, unless it happens that you are a complete and total stranger. 
</p>",1,66.211.247.238
588,2902,9112,1459517821,"<p>
	Thanks, I suppose.
</p>",1,147.64.172.79
594,2940,9149,1459822125,"<p>
	Caracas.
</p>",1,201.211.191.173
595,2940,10790,1459828258,"<p>
	Me alegro mucho. .88
</p>",1,107.72.162.99
596,2941,9144,1459859021,"<p>
	Nope. Why does le visitor need to know anyway?
</p>",1,101.173.3.208
597,2945,7424,1459901355,"<p>
	Desde Seattle, es muy liberal con demasiados gays :(((
</p>",1,206.188.37.202
598,2936,9943,1459913213,"<p>
	Godspeed
</p>",1,68.4.251.188
599,2952,7,1463188592,"<p>
	It is cool. fight me irl
</p>",1,82.1.34.207
600,2954,6260,1463757204,"<p>
	Seed of the Gael are pretty cool, are you involved with them?
</p>",1,81.148.245.119
601,2956,9792,1464610717,"<p>
	No
</p>",1,109.155.169.162
602,2963,9626,1465143241,"<p>
	It's a one-off gag to piss a romanian fascist who is my friend. I assume you hate him as well
</p>",1,89.153.157.91
603,2963,9606,1465146983,"
<p>
	He's some subhuman gypsy who sings degenerate gypsy music. I only know who he is because some guys at uni were ironically (or maybe not I'm not sure myself either) meme-ing about him for a while.
</p>

<p>
	Also who's your fascist friend? Is he on IM?
</p>
",1,79.112.139.144
604,2963,9626,1465150600,"<p>
	He isn't on IM he's a true diehard NatSoc and we speak through steam, if you want I can get you his skype or steam
</p>",1,89.153.157.91
605,2963,9606,1465156416,"<p>
	Why isn't he on IM? But yeah, I'd like his Skype.
</p>",1,79.112.139.144
606,2963,9626,1465159021,"<p>
	You may ask him yourself. His skype is: adriantudoroniusmecher
</p>",1,89.153.157.91
607,2962,7986,1465225313,"<p>
	Desert coon? it's Orthodox Coon, you damn grease ball.
</p>",1,24.190.23.149
608,2964,7986,1465226192,"<p>
	Also, where's The Colonial, Asian member here?
</p>",1,24.190.23.149
609,2962,9930,1465520060,"<p>
	Lol, as if I care. Continue your autistic chimp out if you wish, it's amusing.
</p>",1,104.231.126.115
681,2962,7986,1465857413,"
<p>
	Not as amusing as dead swedes
</p>

<p>
	<a href=""https://www.google.com/url?sa=i&amp;rct=j&amp;q=&amp;esrc=s&amp;source=images&amp;cd=&amp;ved=0ahUKEwiFod6Ih6bNAhWBrD4KHb_ZA9MQjRwIBw&amp;url=http%3A%2F%2Fwww.barenakedislam.com%2F2016%2F02%2F04%2Fdestroyed-by-muslim-migration-swedish-police-officer-i-will-not-let-my-children-go-into-the-city-after-2pm%2F&amp;psig=AFQjCNHqtaC0Lew4UFugY77z5XyKb0Xyww&amp;ust=1465943453001864"" rel=""external nofollow""><img alt=""Swedish-Rape-Victim.jpg"" height=""234"" src=""http://www.barenakedislam.com/wp-content/uploads/2016/02/Swedish-Rape-Victim.jpg"" style=""margin-top:0px;"" width=""282"" /></a>
</p>
",1,24.190.23.149
682,2962,7986,1465857448,"<p>
	We going to enjoy killing you a third time.
</p>",1,24.190.23.149
696,2982,9555,1470850767,"
<p>
	HEY BRO 
</p>

<p>
	 
</p>
",1,67.246.151.74
697,3005,8192,1473882077,"
<p>
	That sucks.
</p>

<p>
	Best of luck in England, hopefully you can get involved with <abbr title=""National Action"">NA</abbr>.
</p>

<p>
	Do you know if the reds have any headquarters or meeting places in Northern Ireland? I know of the socialist party's building although I am not sure if it's currently in use.
</p>
",1,86.142.211.236
698,3006,9534,1473960630,"
<p>
	I believe that you aswell deserve a apology! I just got really riled up because of the things the goat molesters do to my people (and yours too) and I have been to kosovo and seen what they do to the christians there aswell. I am sorry for offending you and your people and I hope you will accept my apology.
</p>

<p>
	As the hungarian said: At this point we have to stick together and drive them out. It won't get better if we fight amongst each other.
</p>
",1,77.68.251.51
725,3049,9872,1497550777,"<p>
	Ja, die FAP sagt mir nichts.
</p>",1,2a02:810d:af40:c64:4999:7f2:f609:ff49
726,3049,14568,1497553226,"
<p>
	Fange einfach mal mit google an. Da findest Du relativ viel zur FAP.
</p>

<div class=""ipsEmbeddedVideo"">
	<div>
		<iframe allowfullscreen=""true"" frameborder=""0"" height=""344"" src=""https://www.youtube.com/embed/zKWzwhTfSVU?feature=oembed"" width=""459""></iframe>
	</div>
</div>

<p>
	Wenn Dich interessiert wie die Szene früher so war bestelle Dir die Kühnen Biographie von Breuninger.
</p>

<p>
	Neutral geschrieben und echt lesenswert.
</p>

<p>
	 
</p>
",1,46.105.100.149
720,3042,13167,1494933269,"<p>
	We've already got a discord group though.
</p>",1,2601:40b:c201:959:8866:3ada:fb23:e049
721,3029,13831,1495088596,"<p>
	try messaging him again - hes got a open inbox now.
</p>",1,163.172.223.200
722,3049,9872,1497550329,"<p>
	Das Layout ist nicht unbedingt übersichtlich, aber Content sieht ganz gut aus. Danke!
</p>",1,2a02:810d:af40:c64:4999:7f2:f609:ff49
723,3049,14568,1497550431,"
<p>
	Manchmal kommt es eben auf den Inhalt an.... ;-)
</p>

<p>
	Wenn ich and die alten FAP Hefte usw. denke ist das ja noch erste Sahne.
</p>
",1,94.242.59.163
724,3049,14568,1497550677,"
<p>
	Aber als die FAP verboten wurde warst Du 7... Also weit vor Deiner Zeit.
</p>

<p>
	 
</p>
",1,94.242.59.163
693,2972,9583,1468958447,"<p>
	Its good.  I need more of this in my life which is why I'm learning to photoshop.  We need to play up our tactical military aesthetic.
</p>",1,209.164.239.146
694,2972,7757,1468958541,"<p>
	I've done it while I was in a ameriboo phase. One of my favorite works by the way.
</p>",1,191.17.64.250
699,3005,9792,1474055984,"<p>
	It was a few years ago mate, returned home to care for parents in final months. Not sure, AFA were threatening show up in Larne last weekend, we are still waiting!
</p>",1,81.136.78.212
700,3007,9912,1475442299,"
<p>
	No, I don't worship trees or deers. But unlike god, at least I can prove that trees exist.
</p>

<p>
	PS: If you want to see faggots and child molesters, visit Vatican.
</p>
",1,46.135.216.10
701,2977,9481,1476202471,"<p>
	Read Chamberlain first.
</p>",1,62.195.170.185
702,2977,56,1476217973,"<p>
	Foundations of the 19th century?
</p>",1,82.15.142.25
703,2977,9481,1476268667,"<p>
	Yes.
</p>",1,62.195.170.185
704,3011,9446,1479079004,"<p>
	I'd suggest that you do more reading/lurking than posting until you are more familiar with the forum. All new users have a tough time here in the beginning, learn from it and get better. 
</p>",1,71.241.152.43
705,3011,13616,1479079694,"<p>
	Thank you.
</p>",1,148.75.91.64
706,3012,2170,1479853273,"
<p>
	If you have the time, you can get a DS account and post all the <abbr title=""National Action"">NA</abbr> material yourself. Andrew says he's interested in publishing those articles, he just doesn't have the time to do it himself. 
</p>

<p>
	If not you, then someone else at <abbr title=""National Action"">NA</abbr>.
</p>
",1,198.48.212.4
707,3012,6260,1479885508,"<p>
	I'm not sure what you mean,  we've posted it in the bbs section.
</p>",1,81.148.244.229
708,3013,9861,1479887070,"<p>
	ayo gimme isaiah uh i mean jeremiah 1:2 man, the bible'll tell you the jews was black man
</p>",1,47.188.34.22
709,3013,13661,1479935512,"<p>
	shieeet
</p>",1,2601:404:8100:3f28:d42b:76d7:fcfb:9f74
757,3070,14841,1507495156,"
<p>
	can i get a quick he'll yeah for the boys?
</p>

<p>
	 
</p>
",1,173.81.167.149
