reply_id,reply_status_id,reply_member_id,reply_date,reply_content
1,2,35,1324554161,Try living in Indiana.
2,2,132,1328301526,Try living in Finland. -25 celsius and strong wind. Augh yeah.
3,23,143,1330034455,"Omg, blocked."
5,27,164,1332465964,Yeah it&#39;s so annoying dealing with poorly designed web 1.0 stuff. I just got done browsing through AlternateHistory.com for sources and stuff and so many of the links were malformed or took forever to load because of the &#39;03-04 era tech.
6,26,191,1333131553,And I&#39;m a country girl
7,29,132,1333328200,*hmm...slavsicles...*
8,29,130,1333757777,lolgenocide
9,29,130,1333758050,I didn&#39;t even know you could comment on these.
10,26,84,1335455835,I thank God for that too&#33; ;)
11,49,246,1338862771,"I prefer the &quot;counter-revolution&quot;, but perhaps that&#39;s splitting hairs?"
12,62,246,1339245672,"Who do you think is more to blame? SoG, NSP, or FascCap?"
13,62,130,1339368039,"NSP is at least ideologically serious.<br />FC is a running joke, so I&#39;d expect him to do that.<br />I&#39;d blame SoG and his autism for that shitnado."
14,68,279,1340505368,An extra coffee never hurts.
15,71,279,1340505390,"I bid you welcome, brother."
16,76,164,1340702664,"Yeah, it&#39;s getting to be pretty gross."
17,49,279,1340758425,Traditional(ist) Socialism/Distributism?
18,49,7,1341134978,Liberals academics like Anthony King/ Fareed Zakaria/ Robert A. Dahl/ Douglas Holmes/etc  use the term &#39;counter-enlightenment&#39;
19,76,279,1341199242,We could easily get rid of new ones by making a mandatory questionnaire when a person registers and manual approval by the staff for account activation.
20,76,164,1341482257,In theory that could work but it seems like that sort of hassle would drive away a lot of members too. Then again I don&#39;t want this place turning into SF-lite which it seems to be well on track to becoming.
21,76,279,1341484429,"Well, we must stop the hordes of invaders one way or another."
22,76,130,1341724679,"Well they&#39;re retards for the most part, they tend to leave when they see this forum operates at an 11th grade level at the minimum."
23,91,130,1341725031,The woman-hating is reaching epidemic levels
24,76,279,1341731822,True enough.
25,91,54,1341737769,"An unemployed man in his twenties wondering why he canâ€™t meet a kind intelligent girl as he wipes grease onto his pants and types a blog post about how American women are fat ugly feminist whores, with Redtube open in the adjacent tab"
26,99,130,1342117954,"No,  I&#39;m not serious."
27,99,130,1342117972,"About the nominate thing, not the JIDF thing."
28,99,130,1342117988,Cuz I&#39;m definitely JIDF. That&#39;s what I&#39;ve been told.
29,99,279,1342132778,JIDF detector active.
30,95,130,1342149478,No. Muh Empire.
31,95,279,1342202361,"Ist Ãœber Alles, Ja?"
32,95,67,1342202444,Muh Canadian mixed-blood nigger empire.
34,95,279,1342203379,"Nein, nein, nein. Muh Ãœber Reich."
35,95,67,1342203632,LOLOLOLOL you mean Turkish Reich.
36,95,279,1342203689,Since when am I a Turk?
37,95,67,1342203749,"Germany = Turkish Reich. You&#39;re from the States, ja?"
40,95,67,1342204056,European Caliphate.
41,95,279,1342204109,The day will come when the masses will revolt against the invaders.
39,95,279,1342203861,Europa and very glad of it. I would not be able to bear the level of degeneracy you come across in the U.S.A. 
42,95,67,1342204285,I&#39;m waiting eagerly for that moment.
43,95,279,1342204336,I will be sure to drink a fine German wine while the onslaught progresses.
44,95,67,1342204452,"Meh, Muslim blood by the bottle."
45,100,130,1342321747,Lynyrd Skynyrd
46,95,130,1342321853,Muh Eurocaliphate.
48,99,130,1342748539,FasCap totally got his idea from me. Totally.
49,99,279,1342748594,I truly wonder how old he is.
50,106,130,1343540314,Amen
51,106,67,1343541607,"I have never been this disappointed by my closest friend. God, after that they call me a pessimist."
52,2,67,1343580980,"Implying that Canada is not the most cold. I mean, we are a frozen wasteland, with polar bears and igloos."
53,108,67,1343749606,"United in struggle. Two people, one future. Just sayin&#39;."
54,115,67,1343970810,"That&#39;s quite an attitude you have, miss. You are a man for sure."
55,112,279,1343978139,Ich liebe der Totale Krieg.
56,116,279,1344033806,"Well, it could have been worse. Try to be less hostile or at least save your hatred and disgust for later and strike them mercilessly, yet justly when the time comes. ;)"
57,116,335,1344034062,"I hadn&#39;t actually realized I was breaking rules; I thought the person was here for the sake of trolling and nothing else, so, confronted."
58,118,335,1344034248,I contend I was right. 
59,116,279,1344084274,"She&#39;s a friend of some other members. Not my kind of member, but eh."
60,108,130,1344094638,;)
61,113,130,1344094710,I reckon
62,109,130,1344094735,Ditto<br />
63,129,7,1344272508,so?
64,129,336,1344272888,"So you are a pitiable, sickening human being if the best thing in life you have to live for and fight for is genocidal racism. "
65,131,67,1344273440,"I do have loved ones and that is why I&#39;m trying to build the best place for them to live peacefuly and happily, and that is also why I&#39;m joining the army. &quot;The good soldiers fights, not because he hates what is in front of him, but because he loves what is behind him.&quot; -G.K. Chesterton"
66,131,336,1344273557,"Then you should support respect for all nations; else, someone will justify their invasion and murder of Canadian people for their own selfish gain. You people are like Ayn Randists but for nations. "
67,129,7,1344273840,"&#39;if&#39; that is just your opinion. jesus said he who loses his life will find it, someone who doesn&#39;t believe in something more than his own human life is according to all science and sociology not human."
68,131,67,1344273947,"Why do you think I&#39;m joining the army? If another nation comes to harm my people, Â« I&#39;ll answer them with the mouth of my cannons Â» (Louis-Joseph de Montcalm). Like I said yesterday, having a good defense is the applied principle of &quot;YOU SHALL NOT PASS&quot;."
69,130,7,1344274007,"Thanks for the tip, but I doubt you sincerely have my best interests at heart. Your parents clearly don&#39;t love you otherwise they wouldn&#39;t let you browse all these websites without supervision. <br /><br />You act like a foetus, you failed to raise a personal army, you are retarded even by revleft standards. "
70,132,130,1344274111,"There&#39;s maybe 1 or 2 people on this forum that can be described as redneck hicks. And being Hispanic doesn&#39;t mean I&#39;m not White. Hispanic does not = mestizo. My family is originally from Spain. You&#39;re just full of assumptions, aren&#39;t you? I didn&#39;t understand the class warfare bit of your comment. I haven&#39;t seen that many rednecks that could be described as &#34;bosses&#34; of anything, aside from their trailers and meth labs. Bosses live in Wall Street and Los Ange..."
71,131,67,1344274172,"An error from my part, it is Louis de Buade not de Moncalm."
72,132,130,1344274272,"Bosses live in Wall Street and Los Angeles and Chicago, not in the Alabama backwoods. Unless you&#39;re one of those leftist retards that thinks conservative or religious = redneck. Then that wouldn&#39;t even merit a response."
73,133,336,1344275048,"I am Jewish. I&#39;m also Syrian, and I saw the thread &quot;SSNP&quot; hence I made an username in support of that party to give me something to pretend to support while I troll you guys. There are Arab Jews, you know. "
74,132,336,1344275107,"I see, so mestizos are inferior and deserve to be exploited and genocided, amirite?"
75,131,336,1344275141,"Nobody is going to attack Canada anytime soon. And you justified offense, not defense. IMperialism is not defense<br />"
76,130,336,1344275187,Whatever. Go suck Nick Griffin&#39;s dick. 
77,129,336,1344275220,"Believe in something better, then"
78,131,67,1344275635,"No indeed we can sleep well in matters of foreign affairs, but my point is that to counter our evil imperialism, little nations need to be able to defend themselves. Nature is composed of preys and predators, and preys must learn to grow to defend themselves from the predators or they will succomb to God&#39;s Iron Laws. It is the same thing in the Human realm. Imperialism is a wonderful incentive for small nations to unite themselves and to stand as real men, protecting what they love. Belie..."
79,131,336,1344279386,"Those small nations will never be able to stand up to the war machines. Also, I remember you saying you preferred a white Canada. How funny, considering First Nations are the &quot;real&quot; Canadians and you are the colonizer. What about First Nations?"
80,131,67,1344279574,"I see the Aboriginals as equal citiziens in Canada, even if in the current situation, they are treated as child by the federal governement which is only promoting their disgusting behavior of illegal tobacco and firework sellers."
81,131,67,1344279715,"I must go for an hour or two, but it will be my pleasure to answer your questions afterwards, if you have any concerning my way of thinking."
82,133,7,1344281988,"Your IP said you were from Houston Texas fuck nugget, and you didn&#39;t even bother to change it when you re-registered. miserable fail, which makes me think you are a stormtroll trying to discredit jews. You have lied repeatedly so prove you are a jew or GTFO. "
83,130,7,1344282052,A two week foetus. 
84,129,7,1344282210,"I believe in something that is real. Everything you are talking about is emotion, and you are clearly a young child yourself - I believe in fact, and apply fact without egoism. that is the difference between us."
85,133,7,1344282319,"Nigga please you avoided all talk of syria, and you dodged my questions on the SSNP. Flawless cover you got there agent zogberstien. "
86,133,336,1344285188,"I am from Texas. What, you think Jew = Israeli? There are Jews in America, dumbshit. And I am Syrian, but I&#39;m not in the SSNP, obviously I thought I made that clear."
87,133,336,1344285209,There are as many Jews in America as in Israel. You assume too much.
88,131,336,1344285239,What do you think about the shooter recently? Were those Sikhs evil people who deserved to be gunned down in cold blood?
89,129,336,1344285305,You don&#39;t have to be racist. You choose to be. You don&#39;t have to support genocide. You choose to.
90,131,67,1344285660,"I don&#39;t think they deserved it. I&#39;m not comfortable with random shootings against anyone, except if they deserve it. Yet, I understand the fact that a foreign religion implementing itself is not a good thing for the country, but I prefer deportation than violent ethnic cleansing."
91,131,336,1344287776,"Irrelevant. So you agree he is a murderer? And that, accordingly, people like him need to be executed? Because he deserves to be hanged."
92,131,67,1344287951,"Well yes, he is a murderer, he killed people. -_- It is the gallows or the work camp, but I favour the work camp - we always need some good labour that can be treated as slaves because they are criminals."
93,128,131,1344307597,"Not everyone on here is a genocidal racist, if anyone. Not everyone is a warmonger. Not everyone is a holocaust denier (FasCap). It is you and you scummy marxist crap that is ruining stuff. So when I say you are not welcome here you are not welcome here. Troll."
94,128,336,1344320253,"Fuck off. I believe in equality. You people are archaic dipshits. You want the world in a perpetual state of division. Like I said, you are unwelcome in the civilized world. "
99,133,336,1344333350,"First of all, idiot, America is not a &quot;white country&quot;. It&#39;s a nation of immigrants. It&#39;s not a nation proper like England is. Speaking of that, your kind are a disgrace to England and all that she stands for, and your own people shame you and want nothing to do with you. Huh. You&#39;re just a hateful piece of shit that has nothing better to believe in than ethnic cleansing. "
100,129,336,1344333422,"Nah, you can choose not to take your &quot;pride in race&quot; to the extreme of supporting ethnic cleansing. We are animals,to be sure, but we have a thing called logic and reason."
98,133,7,1344332414,"HHAHAHA, I knew I smellt bullshit. hurr durr I had a syrian grandparent, i must be syrian - i bet you don&#39;t know a word of arabic or have even been to Syria. You are like so many americans with an identity problem it isn&#39;t even funny - though this neuroticism is probably why you feel so insecure - and rightly, you shouldn&#39;t be in a white country, but keep trying to justify yourself and taking your own inadiquacies out on us. You are probably not even a jew either"
97,129,7,1344331817,"Actually it is not a matter of choice, shit is not relative. If you want to rape a child that is your perogative, but I would have a social duty to stop you. I have always been disgusted by arrogant and egocentric people like yourself. Pride in family, pride in nation, pride in race - I don&#39;t think I am above all that. "
101,133,336,1344333643,But the good thing is most people are not racist and have moved past your archaic shit way of looking at the world. Face the reality: your scum are dying out in the world. 
102,129,7,1344334630,"Sorry, that is wrong. if you have principles, you you love something, then you should be morally prepared to do whatever is necissary to defend them - that or you don&#39;t believe in anything. If you do have principles you accept the responsibilites. <br />"
103,129,7,1344334638,You probably don&#39;t  have values so you wouldn&#39;t know - &#39;I am an anti racist - but only when it is comfortable for me and I am on the internet&#39; - this is why people here have been enclined to laugh at you. 
104,133,7,1344334729,"Implying america wasn&#39;t founded on ethnic cleansing. I know your type, logic just doesn&#39;t wash with you, if you were british you would be claiming we were a multicultural country as well - our leaders used the same argument for the people who came here 2000 years ago, that makes us a nation of immigants as well apparantly. "
105,133,7,1344335105,"SSNP, the first thing you will learn is most people don&#39;t care, though they are inherrantly racial. only a small part of the population is good or evil - fascist and communist. right now liberals are in power like they were in weimar germany, and you wouldn&#39;t believe the filth that came out of that place they population just accepted it. The nazis were for 10 years a fringe group with 2% of the popular vote, yet look what happened when they took power. Look how communism crumbled, jus..."
106,133,7,1344335281,"just a few coupsters against a few loyalists with most people sitting back. Who is actually an anti-fascist; a few middle class students, some people in the media and governement, the people believing what you are told. Don&#39;t kid yourself, when the baloon goes up what liberal will actually fight tomorrow? that would be an absurd fight. "
107,128,131,1344346430,equality pfffffft. &quot;Semitic Supremacism&quot;.
109,133,336,1344381042,"America is still wholly different from England. There&#39;s no indigenous &quot;nation&quot; except the Native Americans, and you&#39;re right, they were genocided and people do feel sorry for that. You will never get people to agree and support ethnic cleansing. I 100% guarantee you of this. You&#39;re a shame and a disgrace to your own Britain. Hey, hopefully you get shot by a Muslim."
110,132,130,1344382131,"Mestizos are inferior. The fact that the middle and upper classes in Latin America are almost exclusively White in the absence of direct racism, like is seen in the Anglo world, practically proves this. That doesn&#39;t mean they are to be genocided though. But everyone to the right of Olbermann support genocide, amirite?"
111,128,130,1344382292,&gt;represents entire civilized world
112,133,7,1344384481,http://www.youtube.com/watch?v=faNge-o0V-k
113,133,336,1344395486,"Whatever, I still hope a black gay Muslim man with Jewish heritage shoots you in the face. "
114,132,336,1344406500,That analysis completely ignores the lingering effects of colonialism and economic inequality. 
115,128,336,1344406567,Go out and ask people if they support segregation and racism and I guarantee you the overwhelming answer will be &#39;no&#39;
116,133,7,1344426018,Gay muslim - good luck with that&#33; god you are a fucking embarassment; hurr durr WE R ANONYMOUS when your only reason for being here is being a butthurt little faggot. You will be the butt of jokes for weeks. 
117,133,336,1344452420,you&#39;re a threat to civilization. I am a supporter of the most brutal government suppression against your type
118,133,7,1344538220,"Yes, well if you are trying to save a man from drowning you have to be rough with him. The elimination of a few hundred thousand of our worst criminals and traitors would result in an increase in our strength and enormously benificial to the population. "
119,133,336,1344540031,Those criminals and traitors are your type
120,138,2,1344540526,"Everyone else is already responding/filling in - honestly the expert is Ben, he&#39;s the one who sent me those images."
121,138,336,1344540679,"Well, okay, but I responded to them and with evolutionary evidence."
122,133,7,1344551990,Prove I am either. 
123,133,336,1344559583,"You seek to kill people based on superficial characteristics they cannot control. That alone makes you a psychopath, and therefore a threat to the people."
124,139,336,1344566954,"On &#34;black&#34; and &#34;white&#34;. I&#39;ve been focused on Sub-Saharan Africa where I could easily point to Asians, Arabs, Jews, Indians, and others who do as well if not better than whites academically. <br />Furthermore, &#34;white&#34; is not a precise term. Russians are not as accomplished as Italians, for example (you will recall that Russia was a backwater until the Soviet Union). There is strong overlap between Greeks and Arabs and Jews. There is overlap between Morrocans and Spa..."
125,139,49,1344567603,"If you are serious start a thread with a real case; do what I asked, and do not break from that. You know exactly what I mean by a &#39;real case&#39; what you made here is a moral argument; you are asking me &#39;what&#39;s the point&#39; not proving the races are equal. There is a point and we have repeated it to you so it is a completely rhetorical question. You essentially do not even deny the existence of race and ethnicity anymore and changing the nature of the argument. That is because..."
126,140,293,1344569797,"ya u real srs brah, real srs. Like when you said our families deserve to be killed and raped by gangs of blacks."
127,140,336,1344570102,"If you dish it out you need to take it, and many of you do dish it out."
128,140,240,1344602765,"Right there, you just answered your own question with that post."
129,132,130,1344718163,"That excuse completely ignores that colonialism and economic equality are a result of racial difference (superiority) not the reason for it. They&#39;re poorer and weaker because they can&#39;t compete, because they&#39;re inferior."
130,143,279,1344719622,"Aye, aye."
131,143,161,1344746248,I just got off one. I spent the whole week wanting to argue politics. Not as good as expected; liberals are everywhere.
132,143,130,1344760377,As soon as I posted this I felt like delving into some of these topics. Inspiration is very fickle.
133,141,130,1344760584,"Yes, I train child soldiers. What Uganda do about it?"
135,141,342,1344899342,"We ended the war in Uganda because we had enough &quot;Likes&quot; on Facebook, amirite?"
136,141,130,1344915969,"I know for a fact that when I like a Kony status, bottles of clean water appear in poor African children&#39;s laps. So fuck you. I&#39;m a philanthropist. <br />"
137,133,7,1344955001,"So wait a psychopath is a criminal now? Not really - society still expects you to become a killer if you are drafted, or if you work for state execution, there are any number of sane legal occupations specialising in violence and liquidation. &#39;characteristics they cannot control&#39; that isn&#39;t true, you always have to choice to resist enemies of your nation and not collaberate, there are no excuses. <br /><br />I am not a threat to &#39;my&#39; people, which doesn&#39;t include immig..."
138,89,342,1345034023,I only hope.
237,693,35,1356935063,Aquilism <br /><br />nuff said
140,133,372,1345163322,This is so hilarious. The current &quot;Jews&quot; aren&#39;t even Jews. These pseudo-Jews were behind the evils of the slave trade of my people. 
141,133,372,1345224450,"Hey, why can&#39;t I post? I tried the tech support forum, but it won&#39;t let me post anything."
142,139,372,1345251125,Why can&#39;t I post on the forums?
171,222,281,1347501726,That&#39;s pretty much it in a nutshell
174,89,67,1348186701,And gentlemen pistol duels. Would be entertaining.
146,150,329,1345346460,Thankyou. My exile was only supposed to last for like an hourâ€” some kind of humor from Alexâ€” ended up lasting about a week and a halfâ€¦
151,153,372,1345424425,"I am influenced by Sayyid Qutb, but that does not mean I believe in everything he wrote. I reject his beliefs in offensive &quot;Jihad&quot;. I have even condemned violence against Christians on here. I agree with him regarding the notion of jahiliyyah equaling decadence and the notion of an Islamist vanguard party. But, I want this party to be more moderate in style. Hence, why I feel no need to persecute Catholics, Orthodox Christians, and pagans.<br /><br />"
153,153,372,1345424691,I know why you hate me. Solely for my rejection of the Zionist entity. You have an unhealthy obsession with defending the Jews. Look at all of your recent posts.<br />You even defend the kike who was making shit up. <br /><br />I know you don&#39;t care about the truth. You only care about seeming politically correct. 
154,153,130,1345427367,"Politically correct? You must not know me very well. My issue with you isn&#39;t that I&#39;m a Judeophile, because I&#39;m not. My issue with you is that you spew the same pre-recorded mentally retarded FIGHT ZOG bull shit without providing even a remotely impartial source (nobody ever does). If you can&#39;t debate a thing without either invoking Jews or calling your opponent a Jew, you clearly have a problem. I&#39;ll wait and see what your views on other things are before I &#34;hate you,..."
155,153,130,1345427433,But the idea of an anti-colonial black Muslim is thick with irony.
156,159,342,1345514754,Race War Now?
157,159,161,1345586007,"Race war always. If possible, also gas the kikes."
158,170,342,1346074096,No more gassing the kykes? ):
159,170,72,1346106139,No more race war? :&#39;(
160,170,130,1346112178,How can we have a neo-nazi forum with no Whites?
161,170,335,1346231902,"There&#39;s just too much bigoted racism up here, man. We need more pr0gressive fascism. "
162,159,130,1346296996,"gas the rich, class war now"
163,142,130,1346297024,Brilliant.
164,142,563,1346636532,"^seconded, absolutely true."
165,218,164,1346960955,There needs to be a &quot;like&quot; button for these things.
166,222,342,1347068645,"Never watched, give me the Nigga highlights."
167,222,130,1347249758,"-We&#39;re a rainbow nation.<br />-16 trillion personal anecdotes.<br />-I&#39;m the man. I&#39;m doing great things.<br />-Thanks to all these millionaire celebrities for being here. That means we&#39;re truly the peoples&#39; party.<br />-More anecdotes.<br />-Change.<br />-Fake humility, fake humility, certainty of victory.<br />-End speech. Stand around with nigresses to what seems like 15 minutes of nothing but applause and confetti.<br />-Cue celebrity commentators discussing the &#34;a..."
168,222,130,1347249807,...discussing the &quot;awesomeness and historical-ness of his speech&quot;
170,222,342,1347360393,Wonderful of course.
175,264,342,1348616770,"PURGE THE HERETIC, HE OFFENDS THE GOD KING."
176,264,335,1348724821,"My faith is my nation. If we&#39;re not willing to devote ourselves whole-heartedly to the nation, what represents our nation, and the people within - well then we shouldn&#39;t have the opportunity to call ourselves citizens of that nation. In any case - brilliant. <br /><br />Also hail Satan, 666."
177,264,161,1348938736,"&quot;For I could wish that myself were accursed from Christ for my brethren, my kinsmen according to the flesh&quot; --Romans 9:3"
178,268,72,1349127945,"Same feelings here. Were there any liberals in your class who got butthurt &quot;dem conservatives are conservatives, not libruls&#33;&#33;11&quot;?"
179,252,281,1349131179,"It&#39;s fine, I realized that a long time ago.  Just look forward to resurrecting greatness."
180,286,342,1349579152,"Jew Blood,Sweat, and Tears."
181,286,67,1349581878,On the altar of muh naaaaation&#33;
182,287,130,1349657923,"From Stormfront, huh? That explains the 88"
183,292,16,1350304072,Gasp.
185,277,130,1350516424,GLORIOUS
186,268,130,1350516453,"But conservativs is fascists, rite?"
187,277,279,1350516668,Lolol.
188,268,67,1350568470,Makes sense. Conservatives (in the Canadian context) are libertarians who have remnants of love of social order.
189,277,342,1350699222,&gt;Has Tramp Stamp<br />&gt;Preaches a return to traditional morality<br /><br />Makes sense.
191,299,342,1351130126,Only Anarchists have no morals.
192,342,342,1351984493,Back in ma day we had none of that there thongs er sex clothes.
193,344,342,1352505932,SCUM
194,315,1730,1352527567,I agree 100% sir&#33; 
195,352,72,1352561947,I&#39;ll speak in my language though. <br /><br />Kamusta mula sa Pilipinas. 
196,352,1772,1352696419,"And, apa khabar kitak? That what we say &quot;how are you&quot; in Sarawakian Malay."
197,359,13,1352719153,Not much
198,368,72,1352957672,ok. 
199,389,130,1353204999,Wouldn&#39;t it have to be in Sarawakian or whatever
200,368,1772,1353237969,http://www.facebook.com/NationalActivistsOfSarawak<br /><br />My new Facebook nationalist group page.
201,389,1772,1353238249,"For your information, I&#39;m thinking to make a pro-nationalist/regionist of my state, Sarawak. And yeah, there are some activist group who fought for a change of a new, better government but sadly most of them are pro-democracy coward, and some ignorant Islamist group. (while at the same time Muslims at my state are minority.)"
202,344,1772,1353241619,They should be send to Kashmir.
203,397,1772,1353306195,http://www.facebook.com/NationalActivistsOfSarawak?ref=hl
204,434,158,1353788971,Bok Van Blerk. Another good Afrikaans song is My Land by Karen Wessels. I don&#39;t like much Afrikaans music but those are great songs/singers. Robbie Wessels(not related to Karen) is an Afrikaans singer who is not good but it funny. You may want to check him out if you want a laugh.
207,521,7,1353937471,"I don&#39;t really like to use it, though I briefly got to like it  took what I could from there. I do check it and post material there in the hope it gets out. "
206,480,1744,1353801155,"&quot;White Man, let us stand together to secure the survival of your people and my people, for they are one and the same - they are our beloved, miraculous, wonderful, blessed and masterful white race&#33;&quot; - GLR"
208,491,2075,1354093602,"The Italians were happen they weren&#39;t completely wiped out by the Ethiopians, the Ethiopians were happy that they didn&#39;t have to waste time on a horrible army any longer."
209,604,298,1354295080,"Good luck, my friend. You can always claim asylum in Sweden. "
221,618,2099,1355245832,If they are not hating on Japanese and Koreans in their homeland and their culture. I see no irony here.
222,647,2099,1355440891,The only answer is: re install Windows. 
223,647,283,1355443881,Windows is for victims...install Linux
224,646,16,1355570376,Best tea is Ketepa.
226,639,2099,1355693882,I agree.<br />
227,661,342,1355885135,Check your privilege Frenchmen.  
228,268,2099,1355951017,Yes. That is a good observation. 
213,604,1772,1354387111,Please don&#39;t worry at that my friend. And I didn&#39;t want to leave my tropical paradise in Borneo only to gain an asylum in foreign countries.
214,344,2099,1354470731,Perhaps the former.<br />
215,627,4,1354491647,Oh my.
216,342,2099,1354781785,Sadly yes. We are going down in every possible way.<br />
217,277,2075,1354871166,"Kill her, she&#39;s a traitor to the ideology."
218,626,2075,1354871235,Wheelchair coming in with a knife at 55 km/h
219,627,2075,1354871259,Muh dik
220,277,342,1354979064,She&#39;s a &quot;Christmas Graduate&quot; no need.
229,661,130,1356223437,Facial hair is for barbarians.
230,674,2099,1356306754,Avanti might comment here.<br />
231,688,2,1356492103,Whatever you want. And who are you on deviantART?
233,688,1772,1356495160,"otakumilitia. The same name at my dA account.<br />But I have an account for showing my political thought; otakurepublic, while at the same time my otakumilitia account is for posting my anime artwork/other stuff.<br /><br />http://otakumilitia.deviantart.com/<br />http://otakurepublic.deviantart.com/"
234,690,2099,1356646804,It happens. 
235,691,2099,1356648268,Just try to be a bit more tolerant.<br />
243,716,49,1357359161,"Yep. You have autism, my friend. I would see a psychologist."
239,674,2220,1357171946,Sweet. 
240,696,161,1357185954,Proud strong Aryan beta males only
241,714,2243,1357343692,Not worth . 
242,700,161,1357351587,#ironmarch
244,714,158,1357369650,"RevLeft, no way. SocialistPhalanx, if you wish. It could be interesting. I found IronMarch because of SocialistPhallanx but I stop posting on that commie-liberal forum ages ok. SocialistPhallanx is like a cross between IronMarch and RevLeft. Some members are closer to RevLefters though."
245,716,2288,1357372165,"I know him, assure you he does not have autism."
246,716,279,1357379825,Don&#39;t take it seriously. &quot;Autism&quot; is the &#39;Fascist&#39; equivalent of &quot;You&#39;re a Nazi&#33;&quot; around here.
247,717,279,1357421376,"It is good to pay your honors to the past, but you shouldn&#39;t stare into the abyss for too long. Remember the past, live in the present and strive for a better future."
248,689,16,1357520357,Tell me about it.
249,639,1558,1357558758,Bloody fascist.
250,694,1558,1357558881,"I agree, I would die for it."
251,712,2099,1357671245,They say it&#39;s as good as the Lord of the Rings.<br />
252,618,1986,1357837376,Are you referring to Unsung War; the Ace Combat song?<br />
253,751,1109,1357854120,I will
287,2271,6113,1369171844,"And which do you Favor?<br /><br />Legitimist, OrlÃ©anists or Bonapartist?"
256,793,130,1358835882,Solution: Zionism
257,766,288,1358958313,Dagos are plebs ;)
258,712,2220,1358962568,"Oddly, I did not go and watch it... And now it is basically out of theaters. Shit. "
262,765,288,1359160084,lol
263,765,2275,1359229972,No you&#39;re not. 
264,793,130,1359258981,"If it was actually run by the Zionist right, yes."
265,769,1558,1359658380,"Yes, and &#39;&#39;Viva la Roi&#39;&#39; to you too."
285,2372,6096,1367999494,"I have a book about it, but it is only in portuguese. You could check the wikipedia about it, but you will probably only find &quot;oh it was dictatorship&quot; bullshit."
266,856,2871,1360071241,"Hello, from my knowledge you are an admin and I had questions on how to unlock my abilities to edit my profile along with commenting on some of the posts. If you could please help, it would be much appreciated. "
267,646,857,1360304706,I love Green tea.
269,887,342,1360686027,As the French say. Comme Ci Comme Sa. Question?<br />
270,887,16,1360709731,"Yes, what&#39;s your preferred one?"
271,887,342,1360783027,Imagine a Marxist interpretation of history combined with the Great Man/Woman Theory. This sort of springs from the fact that we I was taught lesbianized versions of social history by professors and others.<br />
272,887,342,1360783175,"Generally a great way to interpret any historical event is the SPERM method (Social, Political, Economic, Religious, Military) and work from there.<br /> "
273,887,16,1360842877,No love for the Annales school then?
274,887,342,1360853541,"No hatred, but for me the Annales School pays too much attention to the small details and loses itself in the big picture if you know what I mean.<br />"
275,890,288,1360970385,"It&#39;s a joke that&#39;s been around for a while, it just made me laugh. I was indeed Nebuchadnezzar II. I vaguely recall talking to you a while back."
276,571,16,1361215971,Part of a complete breakfast.
277,765,274,1361399246,Why is Stoic Guardian exiled? :/
278,966,35,1362279830,And this is crazy...<br />But here is my number &gt; 14/88
279,966,35,1362279839,so call me maybe?
280,966,3721,1362280277,hay evry1 im a fascist celery stalk don&#39;t hit on me silly y chromosones xD
281,712,67,1364409726,Saw it 3 or 4 times. Loved it.
282,2007,5590,1366076633,Here is the link to my &quot;prison cell&quot; if any of you faggots wants to speak to me about ANYTHING haul you&#39;re ass to that thread you goddamn pieces of shit:<br /><br />http://ironmarch.org/index.php?/topic/2304-communist-narnia-paradise/page__p__55332#entry55332<br /><br />
283,2271,16,1366637449,"That&#39;s quote a simplistic way of looking at monarchy. For one thing, there are three actual pretenders to the throne of France, each one of them representing a different philosophy of government, and the case is similar in many republic which were once monarchies, such as Italy.<br />I don&#39;t think feudal institutions are applicable in a modern setting, since population distribution being more urban and the industrial revolution having happened, a true feudal system would be unworkable..."
293,1991,6113,1369384376,Secession should always be a last resort.
296,571,6117,1370542712,How did this guy get exiled?
297,2384,1730,1370664758,"You came to a Fascist forum, what did you suspect? "
298,2385,6117,1370727075,Good for you&#33;
382,2570,7846,1407176414,;D
302,571,1986,1371337302,"The man of many names said something about him declaring himself an anti-nazi fascist. Then Vladimir exiled him, or so it goes."
303,2393,158,1371538736,"its not bad, has potential. Reminds me a bit of Absurd. If it had drums and vocals it would sound better. It would sound better with a rawer more hissing like sound. Satanic Warmaster for example. What are your favourite NSBM bands? "
304,2396,6144,1371945208,"Cheers&#33;  I noticed you visited my profile.  I&#39;m an American from the state of Oklahoma.  I&#39;m not sure how this site works or how to fill more information in my profile.  My moniker &#34;Calvinistic Fascist&#34; is a general view of life.  I&#39;m not a total religious fanatic.  I just think that the political ideas of fascist-nationalism coupled with the ideas of a semi-religious and charitable commonwealth of reformation values would be better than what we have.  So, I am just tr..."
305,2388,288,1372020518,Or just put a pic of the results of AIDS and gay bowel syndrome next to it. Or you could make what appears to be a pro-homosexuality poster and then have a link to anti-homosexuality fact website(s) such as homosexinfo.com or a link to one of those mentioned studies.
306,855,6144,1372020627,"Thank you for adding me on your friends list.  I&#39;m still clueless on how this site works.  I&#39;m still trying to get validated, but the help instructions are doing me no good."
307,2402,288,1372025003,"I&#39;ll have a word with an admin, see if I can get you validated quicker."
308,712,2220,1372514659,"I loved what I saw and I await the next one.. (boy, that was late). "
309,2402,2220,1372514839,That sounds good &amp; refreshing. Excellent. 
310,2396,6113,1373515511,Have you tried contacting Noyles&#39; group
311,855,1986,1374596006,Niggers tongue my anus<br />
312,2271,16,1374618339,Bonapartist.<br />Hurr hurr late reply.
313,2420,6122,1375381462,I just find that chant by the British antifas hilarious for some reason. <br /><br />But I thought you disliked the BNP?
314,2413,2075,1375527284,No problem0
315,2392,5343,1376252610,"Muito boa , alias , desculpa por estar respondendo isso dois meses depois haha Ã© que achei que eu iria ser notificado de algum modo quando recebesse uma mensagem , vou atÃ© resolver isso depois. Quando acrescentar me envia , porque me interesso muito por BM desse tipo , ainda mais se for &quot;one man band&quot; , eu iria comeÃ§ar com algo nessa linha mas tive uns problemas hÃ¡ um tempinho atrÃ¡s , pretendo retomar daqui a um tempo , qualquer coisa eu posto aqui notei que tem um pessoal que curte BM. "
316,2418,6113,1376885110,"Well Race, Culture and Language are all a part of History."
317,2271,6113,1376885171,"Yes this profile feed thing has  no feedback apprently, no notification.<br /><br />Either that or it&#39;s just unreliable."
318,2418,16,1376955483,Ah but isn&#39;t history meant as the result of actions upon actions within which race culture and language play a role?
319,2418,5779,1376958950,"We can take your idea to an extreme in order to examine what you mean. Do you mean to say, for example, that a group of people with no common race, culture, or language, can, by the course of historical events, be forged into a nation? Interesting thought.<br /><br />BTW, how do I change my user title? Somebody changed it for me, can&#39;t seem to change it. Thx"
320,2418,6117,1377035475,"History is made by the culture, Language, and race."
321,2426,6217,1377449051,"Sorry, But no, I took the title from a Would-be kick boxer here in Seattle."
322,2424,6113,1377468938,"Fascism is Progress, Fascism is the only Way Foreward for the Principled man, there can be no substitutions or half measured conservatism, it has failed us and the only Solution is a revolutionary response."
323,2426,7,1377470039,ok cheers
324,2428,1558,1377550366,Was that the sound of you eating another frog?
326,2393,6115,1377900811,"Peste Noire (not NS, but good nationalist band), Burzum in the metal albums, M8L8TH, Der StÃ¼rmer."
327,2435,821,1377922568,Ching chong potato
328,2435,6115,1378001432,ching ling how long have you been a hikikomori?
329,2440,6096,1378670207,Dafuq does that mean?<br />
330,2440,6218,1378673659,DonÂ´t get smart on me boy&#33;<br /><br />http://www.urbandictionary.com/define.php?term=dego<br /><br />
331,2441,6096,1378739708,NÃ£o. De maneira nenhuma. Sinto que apenas representava os interesses das altas classes e nunca os interesses das mais baixas.
332,2441,6115,1378749441,"Ah sim, entendo. De fato os Estado Novo foi apenas uma reaÃ§Ã£o de proteÃ§Ã£o a onda de comunistas que enfestava a ibÃ©ria. Ã‰ que de certa forma, os &quot;fascistas&quot; tendem a adorar qualquer lÃ­der reacionÃ¡rio que foi contra o comunismo como Salazar, Franco, etc. Mesmo sendo contraditÃ³rio com a ideologia. Enfim, como andam as coisas por aÃ­?"
333,2444,132,1378985288,Don&#39;t bother.
334,2446,16,1379044394,Do go on.<br />Still a fan of Metternich though?
336,2422,130,1379875727,"I will always remember you with that song, brother. Rest in peace."
337,2434,6258,1379890469,We can use blacks to our advantage and defeat the Jews. <br />
338,2435,821,1381024564,huh<br />
339,1216,274,1381190838,LOL
340,2446,281,1381371401,"Sorry I just noticed that, but yes, still a fan of Metternich.  What I like about integralism though is that it holds society and the nation as a sacred thing.  Also like that Maurras, the founder was also a supporter of monarchy"
343,2465,6254,1385348179,Better a nationalist than a faggot.
344,2495,6554,1387308422,"Only a Jew doesn&#39;t want to be questioned, fuck this site."
345,2498,2220,1387525995,Welcome back
346,2498,6322,1387769819,"Welcome back, mandra."
349,2500,6322,1388819546,How was your New Year&#39;s Eve?
350,2505,4,1389630634,I hope it&#39;s nothing serious.
351,2464,101,1389737241,&gt;German<br />&gt;Implying white<br />&gt;Implying I wouldn&#39;t rather be Swahili than Germanic
355,2500,2220,1390360058,"That went well, actually; did not overdo it. It was rather low key. You?"
356,2500,6322,1390643982,Same here.
357,2500,2220,1390670698,Very good<br />
358,2505,353,1390929671,I survived.
359,2516,7428,1391104413,the topic:<br />http://freetexthost.com/ortohygbng
361,2519,6168,1393321942,wut
363,2397,1558,1394425886,Ya muh niger XD :----DD
364,2528,168,1395685446,absolutely
367,2544,2220,1399866435,2 Euphoric 2 B 4got<br />https://warosu.org/data/jp/img/0114/09/1379040300830.gif
368,2544,1558,1399878517,*Tips le astral fedora*
370,2534,2306,1403389897,Lol good luck with that lmao
371,2551,2306,1403390444,"Finnish war 1808-1809, nevar evar forget you Swedish noble."
372,2534,353,1403390848,you are also trying right? I see that you should try harder
373,2534,2306,1403391104,"HEY FINLAND WHITE, WHITE AS RICE"
374,2551,1558,1403648068,But we can unite on one thing: Fuck the russians.
375,2555,1558,1403993852,XDD
376,2558,7846,1404004594,BWC TERROR MACHINE&#33;
388,2566,1986,1408991995,my nigga my nigga
383,2578,7481,1408150787,Alexander Slavros is away atm and all the other admins are lazy cunts.
389,2595,7719,1410218267,&gt;More loyal to pope than nation &gt;lolwat
390,2595,6168,1410550670,&gt;papists<br />&gt;white
391,2595,1558,1410562912,Not even brown
392,2600,1558,1410718366,Me 2
393,2547,7958,1410758476,Self control + enjoying the life = a life way better than mindless hedonism.<br />Not to mention you&#39;ll live longer too&#33;
394,2584,6274,1410851970,what were you expecting?
397,2608,6113,1411026428,Quit being a defeatist pussy.<br />What you read stuff on here for a week and then fuck off and say &quot;woe is me all is lost&quot;<br />If the fight is unwinnable its only because nobody even tried.
396,2602,6113,1411026138,Not really no.
398,2608,7958,1411044250,I was here a few years ago actually with a similar name. I just need to get my shit together so I can be actually useful. 
399,2616,2,1412192529,:):):)::):):):)::):):)::):):):):):)
400,2618,1558,1413835842,:DDDD SPURDO SPÃ„RDE XDDDDD :----DDD
402,2513,8184,1416855795,Please can I bet validated? 
404,2638,8264,1419050377,Thank you for being familiar with history. 
406,2662,281,1423513738,So you&#39;re saying no Swede can be fascist?
407,2662,1558,1423582213,i bet you&#39;re only 2 inches
408,2666,7643,1424150348,Hi there :)
409,2505,7757,1424271645,coisa de branco
410,2675,7816,1426804014,The hell I am. I tango core like a boss
411,2675,7757,1426873969,bitch I&#39;ll cinghiamattanza your ass up
412,2662,2075,1427166247,8.5 inches checking in. I am confirmed Fascist finally :DDDDDDDDDDDD
413,2662,1558,1427215087,Gz :))
414,2662,9144,1428430514,"Agreed. We should form our own 8+ inches battalion. In fact, that is how the ruling elite of our new state should be chosen."
415,2662,1558,1428434510,I agree fully. Myself having a proud 22 incher I nominate myself as FÃ¼hrer heil BWC
416,2662,9144,1428435444,inb4 the esoteric traditions of penile displays in asserting dominance becomes next antimony group research project. 
417,2662,1558,1428466117,i will never share my secrets for huge massive dick sorry
511,2848,7424,1443762397,Let&#39;s make out and burn down a bank
419,2609,7636,1430386934,Agreed
420,2697,7636,1430683831,No Frank
421,2694,6149,1430862868,"Yes, I&#39;m a &#39;Fayeian&#39; so to speak. "
422,2609,6113,1430881362,kek Profile feed is so pointless
423,2694,6165,1430983839,Which of his have you read? 
424,2694,6149,1430994477,"&#39;Why We Fight&#39;, &#39;Archeofuturism&#39;, &#39;Convergence of Catastrophes&#39; and &#39;Sex and Deviance.&#39; As well as as number of articles. "
425,2694,6165,1431041251,"The man is quite the visionary I may add, hes certainly one of my profound influences and I cannot see how his ideas wont mold the political arena in the time to come. Do you follow his blog?"
426,2694,6149,1431088098,"You mean &#39;J&#39;ai tout compris&#39;? As much as my limited French allows me to&#33; But yes, he&#39;s essentially my Marx. "
427,2694,6165,1431300162,"Yes, thankfully I&#39;ve access to a decent translator anyhow, though my command of the language is fairly decent. In my opinion, Faye and the New Right are the life force that 21st century fascism so desperately needs, we need to grasp the new European imperative, the harmony of the appollonian and dionysian presented in his thesis, the Nietzschean reaffirmation, the recognition of the inner archaic within the endless tragedy that is spherical history. "
428,2694,6165,1431300178,This forum may ban me soon I may add.
429,2694,6149,1431379171,"Indeed, I&#39;m with you on that; the European New Right is the future of inegalitarian thought. And that&#39;ll hardly be a loss. "
430,2707,6113,1431528967,You don&#39;t have a girlfriend do you?
432,2707,6165,1431682491,I dont. Why would it matter? <br />
433,2694,6165,1431682571,"Lest we be at the risk of dilution from philistines, luddites, and shams that is. "
434,2694,6165,1431682615,"Its the 21st century imperative that the fascist movement needs to embrace, lest it wish to subsist. "
435,2707,9186,1432029561,"Thank you for that display of ignorance, i suspect you have founded this evidence on your experience which of course i cant blame you for. <br />I cant speak for women kind but i certainly have my place in the facist movement, keep your eye out. <br />"
437,2698,2170,1432051589,I thought communism was supposed to be about love and tolerance...
438,2714,6165,1432281206,spergalicious
439,2715,281,1432301266,When was the last time you were with a women?
440,2715,281,1432301577,"Better question, when was the last time you talked to one face to face?"
441,2695,7543,1432364172,"Yep, Quisling is one of my personal heroes. By far the most prominent norwegian fascist and an all around great man."
442,2720,9497,1432411126,"Hello, I hope I will enjoy my experiences on this form."
445,2658,1558,1432754787,Oj nej
446,2726,9152,1432884404,Are you from LA? 
447,2731,9491,1433126163,I don&#39;t live in Cali (I have stayed there before. I live sorta in the Southwest.
448,2726,7757,1433437881,Sorta
449,2731,7757,1433437905,Texas then?
450,2733,9174,1433498002,"Thanks, you do know it don&#39;t you?"
451,2734,9504,1433556585,"Fuck, yeah. Minor Threat, Black Flag, and Final War are my shit&#33;"
452,2726,9152,1433816563,"I live in the Jewish part, you?"
453,2732,8346,1433859199,"I&#39;m not sure what it&#39;s called, but it&#39;s by William Blake. I like it too, makes you think of the &#39;solar race&#39; and all that"
454,2734,7757,1434040953,Minor Threat is the shit
455,2726,7757,1434040978,North Hollywood? Whenever I&#39;m in LA I stay at sfv
456,2736,9149,1434155377, Â¡Te habla es el hampaa&#33;
459,2740,9531,1435480377,I doubt anybody will fuck them. 
460,2743,8232,1435544394,"On days like these, I say &quot;it can&#39;t happen sooner.&quot;"
461,2743,7600,1435624413,Yes it is my friend ;). 
462,2745,293,1435768534,"ha, if i wasnt so lazy I would make a header quote with the base image"
463,2417,7600,1436213235,"ur a dingus, why you change your name so much :?"
464,2417,288,1436216489,"Muh tradition, goy"
466,2747,7600,1436256264,Boots up your arse
467,2747,9531,1436269695,"It sure was a waste of time, if you ask me. I mean holy crap they only talk about the petty issue of the now. It&#39;s boring."
468,2748,6113,1436305245,Hi
476,2762,9548,1437408703,it it what i think is the perfect poem
470,2436,9548,1436976298,^-^
471,2436,9548,1436976315,that was beautiful
472,2697,1558,1437087862,I am Hell
478,2671,7,1438183835,"Yes post your facebook, skype, or email address and I can contact you."
477,689,9548,1437762961,tru dat comrade
480,2556,353,1438987794,I discover this the hard way
483,2535,9548,1440634939,what is the primary purpose of this?
488,2800,9617,1441717548,"norte de portugal. <br />sim, tenho skype. porquÃª?"
489,2800,7757,1442274228,"A comunidade lusofÃ´nica desse fÃ³rum Ã© pequena, agora que jÃ¡ somos quatro membros ativos [dois brasileiros e dois portugueses] poderÃ­amos criar um chat ou algo do gÃªnero. "
490,2809,9174,1442485744,Oh aye&#33; :)
491,2809,9548,1442671151,the pug life is great no ;)
492,2815,7346,1442783836,"Don&#39;t know, don&#39;t care."
493,2827,9304,1443024761,Oy Vey&#33; Like anotha Shoah&#33;  
494,2827,9655,1443027417,How dare you not give me my 6 gazillion shekels&#33;
497,2832,6322,1443213384,Nah. Romanian from the cradle to the grave.
496,2823,9655,1443060806,yeh yeh yeh 
499,2832,9548,1443214105,ive never really understood the difference between Catholicism and Orthodoxy except that Orthodoxy seems more pure and unsullied by the bulllshit liberal value system
500,2832,6322,1443279615,"http://i.imgur.com/FbG9QR3.jpg The Orthodox Church is the legitimate continuant of the united Roman Church. Aside differences in Christian Tradition(which are quite significant by themselves), the Catholics have significant differences in dogma and theology, the two largest ones being their &#39;rationalism&#39; which has given birth to materialism(as opposed to Orthodox mysticism) and their supremacist, centralized view on the Church. Orthodoxy is by its very nature nationalist, in that it r..."
501,2832,9548,1443282848,how do you feel about bozgors and and how do you plan on destroying them?
503,2832,6322,1443284818,I would try to forge a dialect for them as to not identify with the rest of Hungardom and convert them to Orthodoxy. 
505,2832,9548,1443300764,and deport them?
506,2832,6322,1443305427,"Nope, integrate them into Romanian society."
507,2832,9548,1443307539,but they cant race mix right?
508,2832,6322,1443376240,They might as well. there is no proper Hungarian nation. There are only Romanians and Slavs that have been forced by a small Altaic elite to adopt their tongue.
509,2847,1558,1443757688,It is very based
510,2847,9655,1443757888,Charles V got rekt at Diet of Worms. Shots fired by the great Martin Luther
512,2848,7816,1443762460,marry me
513,2848,7424,1443762586,DA
514,2848,7816,1443762719,the revolution demands our holy matrimony
515,2850,7424,1443887683,Only if they are free range and organic &gt;:]
519,2850,7424,1444166596,they&#39;re full shit i will fix that
572,2883,2220,1447462482,lol. I like it whenever Ram Z Paul says that stuff
517,2848,7643,1443924742,Che did nothing wrong 88 
518,2850,9503,1444021181,did you block me or are your PM&#39;s full? 
577,2908,9795,1451446958,"I lol&#39;d at what your ideology is set as, 10/10"
522,2547,104,1444657868,Drink like Viking&#33;
523,2547,2220,1444708842,"I have been dong that too much lately, Bato, lol"
524,2848,6113,1444762681,Conflicted Feels about Klaus Barbies hand in Killing Based Che.
525,2816,9698,1445600751,Shto?&#33; Moya &quot;shitskin&quot; kraseevoya. Etha zolotho. Chornoye zolotho.
526,2816,9698,1445600780,*Etho
527,2859,9698,1445697937,My banter has been traumatized by the banterphobic news. You should&#39;ve added a wee trigger warning there m80. 
528,2864,6168,1445852204,same
529,2869,1558,1446583765,no
531,2859,9719,1446600261,I am new. Could you find a way to get my account approved so I can post?
532,2638,9719,1446600372,I am new. Could you find a way to get my account approved so I can post?
533,2671,9719,1446671871,I am a new member to the board. My account is still waiting activation so I can make an introductory thread and edit my profile.
534,2671,9719,1446693281,I hope you received my message above. I really like this forum and platform that you guys have here.
535,2858,9719,1446696820,Who&#39;s leg do I have to jump to get my account here validated? Seriously.....
536,2864,9719,1446696880,Who&#39;s leg do I have to jump to get my account here validated? Seriously.....
537,2810,9719,1446696996,Who&#39;s leg do I have to jump to get my account here validated? Seriously.....
538,2638,9719,1446697097,Who&#39;s leg do I have to jump to get my account here validated? Seriously.....
539,2864,9679,1446697478,Mine.
540,2858,8232,1446698418,"The Adminship will validate your account in short order, but these things aren&#39;t always instant."
542,2528,9719,1446700441,Can you find somebody to activate my account for me?
543,2836,9719,1446700516,Can you find somebody to activate my account for me?
544,2850,9719,1446700612,Can you find somebody to activate my account for me?
545,2620,9719,1446704332,I need my account activated. Can you help out?
546,2745,9719,1446712831,"I am trying to get my account approved by somebody here, can you help me?"
547,700,9149,1446730772,FUCK OFF
548,700,9149,1446730779,FUCK OF FAGGOT
551,649,9719,1446742045,I am trying to get my account activated here. Can you help me out?
552,2671,9719,1446743875,Can you please help me out here? I&#39;ve activated everything in my email and I have even emailed the administratorship here. Am I not doing what is required?
555,2748,9719,1446751403,Can you help me get my account activated? My account has been unactivated the last three days.
556,2862,9719,1446751489,Can you help me get my account activated? It&#39;s been unactivated the last three days now.
557,150,9719,1446752599,My account still hasn&#39;t been activated. Can you help me out?
558,2864,9719,1446770503,"*Laughs* Seriously, can you help me out? Create a thread in the lounge to help my predicament comrade. I really do want to participate in this forum as I have a lot of interesting ideas. "
559,2695,9719,1446770624,"I need my account approved so I can post, can you help me out? Can you find somebody to do so?"
560,2869,9719,1446770700,That&#39;s not very helpful. That&#39;s all you have to retort with?
561,2864,9679,1446770933,You&#39;ll have to wait until Monday. That&#39;s when new accounts are approved.
562,2864,9719,1446771131,"Til Monday? Ah, that sucks but I suppose nothing can be done about it. I&#39;ll wait patiently some more then I guess.<br /><br />"
563,2864,9719,1446771372,I wonder why they are slow to activate new memberships. I apologize for hijacking your message feed with my plight here. I hail from the U.S.S.A behind enemy Jewish lines.
565,627,9719,1446771533,I signed up to the forum three to four days ago. Is it true I have to wait a week until my account is activated?<br /><br />
566,2864,9679,1446771613,It&#39;s just what they do for the sake of efficiency. Every Monday.
567,2864,9719,1446771778,"Alright, thanks for the information. Pleasure to meet your acquaintance as well. "
568,2864,9679,1446771837,Sure thing.
569,2864,9719,1446787946,"So, I decided to register on Revleft forum to debate and criticize Marxism or Communism from a National Socialist perspective. Little did I realize that they have a ban on all fascists where their forum server is located in Germany. *Laughs* I give it less than twenty four hours that they ban me."
570,2864,9679,1446788159,"They also require every post to be looked over by mods before they allow it to be posted. Some of our guys tried to fuck with them, so we know their process."
571,2862,9655,1446839574,Wacha need m8?<br />
573,2886,68,1447722041,me
574,2887,9679,1448074253,*anticipation rises*
575,2900,9679,1450495020,"Yeah, mate&#33; Hope you don&#39;t mind the appropriation."
576,2883,1558,1450731445,https://www.youtube.com/watch?v=5Mfbs_I-fjE
579,2894,353,1453086869,gosto mto quer tc
580,2918,9149,1455726384,No soy indio pero aqui estoy carajo&#33;
581,2922,9503,1455937927,didnt even notice haha sorry 
582,2922,9503,1455937965,your inbox is full too yo 
583,2923,9353,1455971396,Sve piramide u oblake lete.
584,2918,7636,1456176289,I could only imagine 
